avg_word_len,ttr,punc_density,avg_sent_len,author
4.871101871101871,0.11434511434511435,0.029411764705882353,510.0,Leo Tolstoy
4.598360655737705,0.3442622950819672,0.07481751824817519,68.5,Leo Tolstoy
4.506,0.536,0.13592233009708737,22.071428571428573,Leo Tolstoy
4.412698412698413,0.5218253968253969,0.12521150592216582,18.46875,Leo Tolstoy
4.294466403162056,0.49407114624505927,0.11037891268533773,20.233333333333334,Leo Tolstoy
4.2345924453280315,0.5168986083499006,0.13247172859450726,29.476190476190474,Leo Tolstoy
4.283702213279678,0.5150905432595574,0.12286689419795221,34.470588235294116,Leo Tolstoy
4.363453815261044,0.5120481927710844,0.10608695652173913,28.75,Leo Tolstoy
4.598409542743539,0.5228628230616302,0.10590277777777778,25.043478260869566,Leo Tolstoy
4.427435387673956,0.5129224652087475,0.116751269035533,28.142857142857142,Leo Tolstoy
4.609218436873747,0.5390781563126252,0.11965811965811966,30.789473684210527,Leo Tolstoy
4.428571428571429,0.5059523809523809,0.13050570962479607,29.19047619047619,Leo Tolstoy
4.365079365079365,0.4742063492063492,0.11,23.076923076923077,Leo Tolstoy
4.146771037181996,0.4657534246575342,0.13996889580093314,22.964285714285715,Leo Tolstoy
4.516,0.55,0.14054927302100162,24.76,Leo Tolstoy
4.578313253012048,0.4919678714859438,0.1168,29.761904761904763,Leo Tolstoy
4.6195219123505975,0.47410358565737054,0.13990461049284578,23.296296296296298,Leo Tolstoy
4.344,0.51,0.15789473684210525,24.32,Leo Tolstoy
4.4375,0.49193548387096775,0.15161290322580645,24.8,Leo Tolstoy
4.370517928286852,0.5099601593625498,0.1495176848874598,23.037037037037038,Leo Tolstoy
4.105367793240557,0.4731610337972167,0.12643678160919541,17.4,Leo Tolstoy
4.123015873015873,0.4662698412698413,0.16304347826086957,20.774193548387096,Leo Tolstoy
4.2991967871485945,0.4979919678714859,0.16091954022988506,19.64516129032258,Leo Tolstoy
4.17578125,0.470703125,0.14423076923076922,21.517241379310345,Leo Tolstoy
4.313346228239845,0.47775628626692457,0.14153846153846153,22.413793103448278,Leo Tolstoy
4.3220675944334,0.5069582504970179,0.12398042414355628,24.52,Leo Tolstoy
4.549603174603175,0.49206349206349204,0.13553719008264462,21.607142857142858,Leo Tolstoy
4.417821782178218,0.4594059405940594,0.1609375,17.2972972972973,Leo Tolstoy
4.227897838899803,0.4636542239685658,0.16134185303514376,13.608695652173912,Leo Tolstoy
4.40234375,0.525390625,0.12337662337662338,24.64,Leo Tolstoy
4.276,0.54,0.15867768595041323,37.8125,Leo Tolstoy
4.158102766798419,0.4723320158102767,0.1184,22.321428571428573,Leo Tolstoy
4.2554890219560875,0.5129740518962076,0.12251655629139073,28.761904761904763,Leo Tolstoy
4.415841584158416,0.5267326732673268,0.16587677725118483,24.346153846153847,Leo Tolstoy
4.425149700598802,0.5329341317365269,0.10918544194107452,28.85,Leo Tolstoy
4.289940828402367,0.4891518737672584,0.12400635930047695,21.689655172413794,Leo Tolstoy
4.184523809523809,0.4880952380952381,0.14241486068111456,29.363636363636363,Leo Tolstoy
4.190854870775348,0.4691848906560636,0.160741885625966,16.175,Leo Tolstoy
4.162,0.494,0.16640746500777606,18.37142857142857,Leo Tolstoy
4.294234592445328,0.49105367793240556,0.13803680981595093,21.032258064516128,Leo Tolstoy
4.0355731225296445,0.5,0.12995245641838352,18.02857142857143,Leo Tolstoy
4.155818540433925,0.46153846153846156,0.14102564102564102,29.714285714285715,Leo Tolstoy
4.468812877263582,0.5050301810865191,0.16853932584269662,19.46875,Leo Tolstoy
4.378,0.508,0.14536741214057508,28.454545454545453,Leo Tolstoy
4.135294117647059,0.503921568627451,0.12887438825448613,23.576923076923077,Leo Tolstoy
4.247011952191235,0.5059760956175299,0.13628899835796388,27.681818181818183,Leo Tolstoy
4.383233532934132,0.48902195608782434,0.14171974522292993,19.625,Leo Tolstoy
4.132673267326733,0.4772277227722772,0.1583198707592892,19.967741935483872,Leo Tolstoy
4.00990099009901,0.504950495049505,0.16114457831325302,18.97142857142857,Leo Tolstoy
4.41106719367589,0.49604743083003955,0.15944272445820434,23.071428571428573,Leo Tolstoy
4.614457831325301,0.5401606425702812,0.12048192771084337,30.57894736842105,Leo Tolstoy
4.328685258964144,0.5398406374501992,0.12136752136752137,27.857142857142858,Leo Tolstoy
4.26559356136821,0.5070422535211268,0.1813953488372093,17.43243243243243,Leo Tolstoy
4.463073852295409,0.4750499001996008,0.11744386873920552,28.95,Leo Tolstoy
4.424901185770751,0.5652173913043478,0.1163575042158516,31.210526315789473,Leo Tolstoy
4.157170923379175,0.48722986247544203,0.15476190476190477,23.17241379310345,Leo Tolstoy
4.548514851485148,0.5069306930693069,0.14906832298136646,16.94736842105263,Leo Tolstoy
4.0682261208577,0.4502923976608187,0.1971383147853736,26.208333333333332,Leo Tolstoy
3.998065764023211,0.5087040618955513,0.15408320493066255,20.28125,Leo Tolstoy
4.569416498993964,0.49899396378269617,0.131175468483816,25.52173913043478,Leo Tolstoy
4.615384615384615,0.5325443786982249,0.11205432937181664,26.772727272727273,Leo Tolstoy
4.382293762575452,0.5130784708249497,0.12458471760797342,30.1,Leo Tolstoy
4.264646464646464,0.5212121212121212,0.14896988906497624,21.75862068965517,Leo Tolstoy
4.31013916500994,0.4671968190854871,0.14285714285714285,32.421052631578945,Leo Tolstoy
4.3063241106719365,0.4525691699604743,0.136,28.40909090909091,Leo Tolstoy
4.067193675889328,0.45652173913043476,0.16253869969040247,20.838709677419356,Leo Tolstoy
4.291666666666667,0.498015873015873,0.11551155115511551,27.545454545454547,Leo Tolstoy
4.295409181636726,0.47305389221556887,0.10327022375215146,24.208333333333332,Leo Tolstoy
4.346613545816733,0.4581673306772908,0.10086956521739131,30.263157894736842,Leo Tolstoy
4.313253012048193,0.5321285140562249,0.12220309810671257,27.666666666666668,Leo Tolstoy
4.530120481927711,0.5060240963855421,0.1284722222222222,32.0,Leo Tolstoy
4.411881188118812,0.497029702970297,0.09490333919156414,35.5625,Leo Tolstoy
4.534653465346534,0.497029702970297,0.10139860139860139,22.0,Leo Tolstoy
4.464,0.508,0.09281961471103327,28.55,Leo Tolstoy
4.36779324055666,0.4831013916500994,0.12121212121212122,27.0,Leo Tolstoy
4.341365461847389,0.4899598393574297,0.16798732171156894,16.605263157894736,Leo Tolstoy
4.287968441814596,0.4911242603550296,0.10732538330494037,27.952380952380953,Leo Tolstoy
4.78,0.536,0.09838998211091235,32.88235294117647,Leo Tolstoy
4.283203125,0.494140625,0.1216,32.89473684210526,Leo Tolstoy
4.239685658153242,0.5363457760314342,0.12271973466003316,21.535714285714285,Leo Tolstoy
4.33,0.482,0.1037567084078712,25.40909090909091,Leo Tolstoy
4.01984126984127,0.5198412698412699,0.1048951048951049,19.066666666666666,Leo Tolstoy
4.22970297029703,0.5128712871287129,0.08468468468468468,26.428571428571427,Leo Tolstoy
4.431683168316832,0.5485148514851486,0.11073253833049404,27.952380952380953,Leo Tolstoy
4.314851485148515,0.48514851485148514,0.13680781758957655,23.615384615384617,Leo Tolstoy
4.309523809523809,0.47023809523809523,0.17711598746081506,18.228571428571428,Leo Tolstoy
4.162698412698413,0.5059523809523809,0.12721417069243157,27.0,Leo Tolstoy
4.5266272189349115,0.5404339250493096,0.13987138263665594,28.272727272727273,Leo Tolstoy
4.44950495049505,0.49306930693069306,0.12106135986733002,24.12,Leo Tolstoy
4.320079522862823,0.47713717693836977,0.14356435643564355,24.24,Leo Tolstoy
4.422310756972111,0.5239043824701195,0.15748031496062992,18.676470588235293,Leo Tolstoy
4.228174603174603,0.5277777777777778,0.12166666666666667,21.428571428571427,Leo Tolstoy
3.896484375,0.42578125,0.15772870662460567,18.647058823529413,Leo Tolstoy
3.96,0.454,0.16927899686520376,22.0,Leo Tolstoy
4.105577689243028,0.45617529880478086,0.15472312703583063,21.928571428571427,Leo Tolstoy
4.188866799204772,0.4970178926441352,0.17076923076923076,19.11764705882353,Leo Tolstoy
3.9288537549407114,0.45652173913043476,0.1564945226917058,16.384615384615383,Leo Tolstoy
4.634343434343434,0.498989898989899,0.11945392491467577,29.3,Leo Tolstoy
4.446680080482897,0.5090543259557344,0.11937716262975778,30.42105263157895,Leo Tolstoy
4.618,0.476,0.1357615894039735,23.23076923076923,Leo Tolstoy
4.498997995991984,0.4849699398797595,0.19751166407465007,17.37837837837838,Leo Tolstoy
4.738,0.512,0.11702127659574468,23.5,Leo Tolstoy
4.7008032128514055,0.4738955823293173,0.11872909698996656,23.0,Leo Tolstoy
4.26171875,0.466796875,0.16589861751152074,25.03846153846154,Leo Tolstoy
4.299603174603175,0.5198412698412699,0.18045112781954886,23.75,Leo Tolstoy
4.298418972332016,0.5059288537549407,0.13841368584758942,20.741935483870968,Leo Tolstoy
4.557768924302789,0.5039840637450199,0.1111111111111111,32.5,Leo Tolstoy
4.536779324055666,0.5069582504970179,0.09913043478260869,31.944444444444443,Leo Tolstoy
4.722,0.522,0.14308943089430895,26.73913043478261,Leo Tolstoy
4.549212598425197,0.5177165354330708,0.10714285714285714,28.0,Leo Tolstoy
4.385229540918163,0.5608782435129741,0.1371610845295056,28.5,Leo Tolstoy
4.503042596348885,0.49898580121703856,0.14424635332252836,24.68,Leo Tolstoy
4.158823529411765,0.5294117647058824,0.15246636771300448,18.583333333333332,Leo Tolstoy
4.14757281553398,0.4563106796116505,0.13302752293577982,18.166666666666668,Leo Tolstoy
4.00390625,0.45703125,0.15988372093023256,19.11111111111111,Leo Tolstoy
4.076470588235294,0.47058823529411764,0.14939024390243902,18.742857142857144,Leo Tolstoy
3.962962962962963,0.4522417153996101,0.16467065868263472,20.242424242424242,Leo Tolstoy
4.134765625,0.4375,0.13228346456692913,24.423076923076923,Leo Tolstoy
3.994350282485876,0.4218455743879473,0.1767180925666199,21.606060606060606,Leo Tolstoy
4.355029585798817,0.5305719921104537,0.13162118780096307,20.766666666666666,Leo Tolstoy
4.300198807157058,0.5188866799204771,0.1491628614916286,21.193548387096776,Leo Tolstoy
4.417821782178218,0.502970297029703,0.11298482293423272,29.65,Leo Tolstoy
4.187250996015936,0.4940239043824701,0.14262820512820512,21.517241379310345,Leo Tolstoy
4.330078125,0.505859375,0.15038759689922482,16.973684210526315,Leo Tolstoy
4.366863905325443,0.5266272189349113,0.1077943615257048,24.12,Leo Tolstoy
4.4115308151093435,0.5009940357852882,0.10839160839160839,22.88,Leo Tolstoy
4.439842209072978,0.5502958579881657,0.12091503267973856,19.741935483870968,Leo Tolstoy
4.190854870775348,0.441351888667992,0.0978441127694859,40.2,Leo Tolstoy
4.316733067729084,0.4581673306772908,0.13843648208469056,20.466666666666665,Leo Tolstoy
4.422845691382766,0.48697394789579157,0.13526570048309178,22.178571428571427,Leo Tolstoy
4.310891089108911,0.502970297029703,0.16478190630048464,22.925925925925927,Leo Tolstoy
4.5436507936507935,0.498015873015873,0.10641891891891891,29.6,Leo Tolstoy
4.529058116232465,0.4849699398797595,0.09289617486338798,34.3125,Leo Tolstoy
4.573705179282869,0.5278884462151394,0.11544991511035653,21.814814814814813,Leo Tolstoy
4.45309381237525,0.5069860279441117,0.11205432937181664,16.36111111111111,Leo Tolstoy
4.599601593625498,0.48804780876494025,0.11187607573149742,23.24,Leo Tolstoy
4.371031746031746,0.5297619047619048,0.11147540983606558,29.047619047619047,Leo Tolstoy
4.249019607843137,0.47843137254901963,0.12641815235008103,28.045454545454547,Leo Tolstoy
4.269461077844311,0.500998003992016,0.11707317073170732,30.75,Leo Tolstoy
4.499013806706114,0.5483234714003945,0.14814814814814814,28.227272727272727,Leo Tolstoy
4.42603550295858,0.5069033530571992,0.16265060240963855,22.896551724137932,Leo Tolstoy
4.518811881188118,0.4792079207920792,0.11256117455138662,22.703703703703702,Leo Tolstoy
4.1836327345309385,0.4630738522954092,0.14599686028257458,18.2,Leo Tolstoy
4.501002004008016,0.5170340681362725,0.15245901639344261,29.047619047619047,Leo Tolstoy
4.096,0.478,0.15055467511885895,22.535714285714285,Leo Tolstoy
4.511904761904762,0.5416666666666666,0.12100840336134454,33.05555555555556,Leo Tolstoy
4.2074363992172215,0.4520547945205479,0.15772870662460567,16.68421052631579,Leo Tolstoy
4.359223300970874,0.487378640776699,0.1478129713423831,15.785714285714286,Leo Tolstoy
4.562874251497006,0.48502994011976047,0.13258785942492013,23.185185185185187,Leo Tolstoy
4.532934131736527,0.4471057884231537,0.09734513274336283,26.904761904761905,Leo Tolstoy
4.711462450592886,0.4505928853754941,0.09391304347826086,31.944444444444443,Leo Tolstoy
4.425196850393701,0.48031496062992124,0.11986301369863013,29.2,Leo Tolstoy
4.551181102362205,0.49606299212598426,0.1380952380952381,21.0,Leo Tolstoy
4.626,0.522,0.10535405872193437,27.571428571428573,Leo Tolstoy
4.451866404715128,0.47544204322200395,0.11735537190082644,20.862068965517242,Leo Tolstoy
4.498,0.516,0.16037735849056603,19.272727272727273,Leo Tolstoy
4.4510978043912175,0.5109780439121756,0.1352253756260434,27.227272727272727,Leo Tolstoy
4.552894211576846,0.5289421157684631,0.1218274111675127,21.88888888888889,Leo Tolstoy
4.548514851485148,0.46534653465346537,0.13893376413570274,24.76,Leo Tolstoy
4.6392785571142285,0.5290581162324649,0.13673805601317957,27.59090909090909,Leo Tolstoy
4.583333333333333,0.47023809523809523,0.07942238267148015,32.588235294117645,Leo Tolstoy
4.47410358565737,0.49203187250996017,0.08228980322003578,26.61904761904762,Leo Tolstoy
4.49203187250996,0.5039840637450199,0.11663807890222985,26.5,Leo Tolstoy
4.372,0.496,0.1624790619765494,37.3125,Leo Tolstoy
4.766932270916334,0.50199203187251,0.10350877192982456,23.75,Leo Tolstoy
4.314851485148515,0.4871287128712871,0.10829103214890017,31.105263157894736,Leo Tolstoy
4.323471400394477,0.4832347140039448,0.11577181208053691,22.074074074074073,Leo Tolstoy
4.158730158730159,0.47619047619047616,0.13658536585365855,16.18421052631579,Leo Tolstoy
4.5,0.5100401606425703,0.13050847457627118,23.6,Leo Tolstoy
4.740079365079365,0.5436507936507936,0.12897822445561138,22.96153846153846,Leo Tolstoy
4.58300395256917,0.5059288537549407,0.12562814070351758,23.88,Leo Tolstoy
4.332673267326733,0.5089108910891089,0.13388429752066117,27.5,Leo Tolstoy
4.299401197604791,0.5109780439121756,0.1510673234811166,16.916666666666668,Leo Tolstoy
4.229571984435798,0.4727626459143969,0.1445966514459665,18.25,Leo Tolstoy
4.383697813121272,0.5149105367793241,0.13879598662207357,19.933333333333334,Leo Tolstoy
4.397614314115308,0.5049701789264414,0.1342062193126023,20.366666666666667,Leo Tolstoy
4.394059405940594,0.47326732673267324,0.1266233766233766,26.782608695652176,Leo Tolstoy
4.558415841584158,0.5148514851485149,0.12666666666666668,21.428571428571427,Leo Tolstoy
4.288844621513944,0.5278884462151394,0.11205432937181664,26.772727272727273,Leo Tolstoy
4.632936507936508,0.5277777777777778,0.09090909090909091,35.75,Leo Tolstoy
4.23015873015873,0.4861111111111111,0.08994708994708994,33.35294117647059,Leo Tolstoy
4.484126984126984,0.503968253968254,0.12033898305084746,26.818181818181817,Leo Tolstoy
4.471287128712872,0.497029702970297,0.09948542024013722,26.5,Leo Tolstoy
4.110453648915187,0.4457593688362919,0.10327022375215146,25.26086956521739,Leo Tolstoy
3.9901574803149606,0.4271653543307087,0.13539967373572595,20.433333333333334,Leo Tolstoy
4.1976284584980235,0.4624505928853755,0.10714285714285714,39.2,Leo Tolstoy
4.2103174603174605,0.4583333333333333,0.09705372616984402,36.0625,Leo Tolstoy
4.511764705882353,0.47058823529411764,0.13680781758957655,32.31578947368421,Leo Tolstoy
4.4831013916500995,0.5069582504970179,0.13109243697478992,37.1875,Leo Tolstoy
4.207171314741036,0.4701195219123506,0.13344316309719934,16.86111111111111,Leo Tolstoy
4.383399209486166,0.4624505928853755,0.10535117056856187,22.14814814814815,Leo Tolstoy
4.287425149700598,0.48502994011976047,0.17767295597484276,17.666666666666668,Leo Tolstoy
4.344554455445545,0.5148514851485149,0.11260504201680673,35.0,Leo Tolstoy
4.295409181636726,0.45109780439121755,0.17584097859327216,20.4375,Leo Tolstoy
4.380281690140845,0.5150905432595574,0.14796747967479676,19.21875,Leo Tolstoy
4.387795275590551,0.5098425196850394,0.12077294685990338,24.84,Leo Tolstoy
4.36,0.442,0.12224108658743633,31.0,Leo Tolstoy
4.23921568627451,0.4568627450980392,0.13064516129032258,21.379310344827587,Leo Tolstoy
4.44689378757515,0.48697394789579157,0.11855670103092783,30.63157894736842,Leo Tolstoy
4.417322834645669,0.4881889763779528,0.1187800963081862,31.15,Leo Tolstoy
4.452569169960475,0.48221343873517786,0.13291139240506328,17.555555555555557,Leo Tolstoy
4.182539682539683,0.45634920634920634,0.16236722306525037,21.966666666666665,Leo Tolstoy
4.318181818181818,0.5079051383399209,0.13192182410423453,21.928571428571427,Leo Tolstoy
4.548514851485148,0.47326732673267324,0.10608695652173913,23.958333333333332,Leo Tolstoy
4.296442687747035,0.49604743083003955,0.1111111111111111,19.8,Leo Tolstoy
4.2687747035573125,0.4644268774703557,0.12054329371816638,25.608695652173914,Leo Tolstoy
3.9684418145956606,0.4161735700197239,0.15070643642072212,16.763157894736842,Leo Tolstoy
4.31630648330059,0.481335952848723,0.15,18.823529411764707,Leo Tolstoy
4.184890656063618,0.4671968190854871,0.19298245614035087,20.225806451612904,Leo Tolstoy
4.284023668639053,0.4714003944773176,0.1537290715372907,24.333333333333332,Leo Tolstoy
3.9826254826254828,0.39768339768339767,0.14676258992805755,22.419354838709676,Leo Tolstoy
4.3326693227091635,0.4800796812749004,0.129783693843594,30.05,Leo Tolstoy
4.521739130434782,0.5177865612648221,0.12286689419795221,26.636363636363637,Leo Tolstoy
4.521653543307087,0.4822834645669291,0.09581881533101046,31.88888888888889,Leo Tolstoy
4.173828125,0.5390625,0.14508580343213728,18.314285714285713,Leo Tolstoy
3.970178926441352,0.4831013916500994,0.15527950310559005,26.833333333333332,Leo Tolstoy
4.131889763779528,0.46062992125984253,0.15045592705167174,24.37037037037037,Leo Tolstoy
4.1561264822134385,0.4505928853754941,0.11794871794871795,24.375,Leo Tolstoy
4.376494023904383,0.47410358565737054,0.14125200642054575,32.78947368421053,Leo Tolstoy
4.357285429141717,0.5528942115768463,0.10265486725663717,37.666666666666664,Leo Tolstoy
4.5089108910891085,0.504950495049505,0.10824742268041238,26.454545454545453,Leo Tolstoy
4.568862275449102,0.5069860279441117,0.125,26.08695652173913,Leo Tolstoy
4.568588469184891,0.5487077534791253,0.125,26.90909090909091,Leo Tolstoy
4.52191235059761,0.5258964143426295,0.11611785095320624,38.46666666666667,Leo Tolstoy
4.458498023715415,0.4743083003952569,0.11726384364820847,27.90909090909091,Leo Tolstoy
4.647524752475247,0.499009900990099,0.08214285714285714,29.473684210526315,Leo Tolstoy
4.52882703777336,0.46520874751491054,0.1598173515981735,19.90909090909091,Leo Tolstoy
4.4523809523809526,0.5119047619047619,0.09859154929577464,35.5,Leo Tolstoy
4.354455445544555,0.4792079207920792,0.11428571428571428,20.517241379310345,Leo Tolstoy
4.509881422924901,0.4743083003952569,0.11564625850340136,25.565217391304348,Leo Tolstoy
4.421259842519685,0.5118110236220472,0.13526570048309178,23.884615384615383,Leo Tolstoy
4.486274509803922,0.4843137254901961,0.12312811980033278,27.318181818181817,Leo Tolstoy
4.480237154150197,0.4644268774703557,0.0897887323943662,40.57142857142857,Leo Tolstoy
4.134387351778656,0.4426877470355731,0.12440191387559808,27.26086956521739,Leo Tolstoy
4.567460317460317,0.5178571428571429,0.13122923588039867,28.666666666666668,Leo Tolstoy
4.587301587301587,0.48412698412698413,0.11876075731497418,29.05,Leo Tolstoy
4.724206349206349,0.5138888888888888,0.10086956521739131,35.9375,Leo Tolstoy
4.401197604790419,0.48303393213572854,0.12908496732026145,24.48,Leo Tolstoy
4.168932038834951,0.44660194174757284,0.1389776357827476,27.217391304347824,Leo Tolstoy
4.056974459724951,0.47347740667976423,0.12418300653594772,26.608695652173914,Leo Tolstoy
3.9923076923076923,0.4346153846153846,0.2309941520467836,15.545454545454545,Leo Tolstoy
4.463510848126233,0.46548323471400394,0.11716171617161716,21.642857142857142,Leo Tolstoy
4.300796812749004,0.4940239043824701,0.12440944881889764,23.51851851851852,Leo Tolstoy
4.556660039761431,0.5268389662027833,0.10915492957746478,29.894736842105264,Leo Tolstoy
4.532803180914513,0.5248508946322068,0.11611785095320624,33.94117647058823,Leo Tolstoy
4.323529411764706,0.48823529411764705,0.1187800963081862,20.766666666666666,Leo Tolstoy
4.383399209486166,0.466403162055336,0.09380530973451327,28.25,Leo Tolstoy
4.408730158730159,0.501984126984127,0.09598603839441536,28.65,Leo Tolstoy
4.512,0.494,0.11853088480801335,22.185185185185187,Leo Tolstoy
4.601202404809619,0.531062124248497,0.10405643738977072,22.68,Leo Tolstoy
4.700197238658777,0.5207100591715976,0.12175324675324675,28.0,Leo Tolstoy
4.410358565737051,0.5099601593625498,0.12582781456953643,28.761904761904763,Leo Tolstoy
4.325349301397206,0.48902195608782434,0.13559322033898305,19.032258064516128,Leo Tolstoy
4.6178217821782175,0.4772277227722772,0.12396694214876033,20.862068965517242,Leo Tolstoy
4.351190476190476,0.49007936507936506,0.14119601328903655,22.296296296296298,Leo Tolstoy
4.428571428571429,0.4801587301587302,0.10899653979238755,25.130434782608695,Leo Tolstoy
4.584,0.474,0.11343804537521815,30.157894736842106,Leo Tolstoy
4.213147410358566,0.47410358565737054,0.11345218800648298,22.035714285714285,Leo Tolstoy
4.316831683168317,0.504950495049505,0.13029315960912052,18.058823529411764,Leo Tolstoy
4.12720156555773,0.46771037181996084,0.11755233494363929,20.7,Leo Tolstoy
4.368525896414343,0.50199203187251,0.0975177304964539,28.2,Leo Tolstoy
4.187250996015936,0.4960159362549801,0.11794871794871795,25.434782608695652,Leo Tolstoy
4.5069306930693065,0.5207920792079208,0.10535405872193437,28.95,Leo Tolstoy
4.205588822355289,0.46706586826347307,0.12027491408934708,17.636363636363637,Leo Tolstoy
4.347305389221557,0.47904191616766467,0.10434782608695652,23.958333333333332,Leo Tolstoy
4.679920477137177,0.4850894632206759,0.13556618819776714,22.392857142857142,Leo Tolstoy
4.470941883767535,0.5150300601202404,0.11072664359861592,30.42105263157895,Leo Tolstoy
4.2,0.5223300970873787,0.16124260355029585,16.9,Leo Tolstoy
4.202404809619239,0.4909819639278557,0.2094488188976378,21.896551724137932,Leo Tolstoy
4.570019723865878,0.5128205128205128,0.16434108527131783,17.916666666666668,Leo Tolstoy
3.974308300395257,0.4881422924901186,0.1544461778471139,20.677419354838708,Leo Tolstoy
3.875728155339806,0.4368932038834951,0.16111111111111112,18.46153846153846,Leo Tolstoy
4.351778656126482,0.49604743083003955,0.12074829931972789,34.588235294117645,Leo Tolstoy
4.14859437751004,0.4799196787148594,0.10265486725663717,37.666666666666664,Leo Tolstoy
4.054474708171206,0.5,0.14523449319213314,23.607142857142858,Leo Tolstoy
4.375,0.5178571428571429,0.14217252396166133,23.185185185185187,Leo Tolstoy
4.765748031496063,0.5255905511811023,0.1094017094017094,32.5,Leo Tolstoy
4.669338677354709,0.5270541082164328,0.11247803163444639,31.61111111111111,Leo Tolstoy
4.341269841269841,0.5357142857142857,0.1342512908777969,41.5,Leo Tolstoy
4.6936758893280635,0.4980237154150198,0.1478405315614618,24.08,Leo Tolstoy
4.589641434262949,0.5239043824701195,0.15447154471544716,21.964285714285715,Leo Tolstoy
4.361493123772102,0.4400785854616896,0.10641891891891891,28.19047619047619,Leo Tolstoy
4.472762645914397,0.4649805447470817,0.15030674846625766,20.375,Leo Tolstoy
4.109126984126984,0.4722222222222222,0.14215686274509803,26.608695652173914,Leo Tolstoy
4.313609467455621,0.4990138067061144,0.1449044585987261,20.258064516129032,Leo Tolstoy
4.616766467065868,0.4930139720558882,0.16585365853658537,18.636363636363637,Leo Tolstoy
4.074803149606299,0.46653543307086615,0.1439873417721519,20.387096774193548,Leo Tolstoy
4.108216432865731,0.4589178356713427,0.12769485903814262,24.12,Leo Tolstoy
4.10337972166998,0.5049701789264414,0.1075085324232082,20.928571428571427,Leo Tolstoy
4.1358267716535435,0.5,0.1492063492063492,18.529411764705884,Leo Tolstoy
4.31013916500994,0.47912524850894633,0.10571923743500866,30.36842105263158,Leo Tolstoy
4.267605633802817,0.482897384305835,0.17363344051446947,16.81081081081081,Leo Tolstoy
4.302970297029703,0.4891089108910891,0.1419457735247209,20.9,Leo Tolstoy
4.380670611439842,0.5029585798816568,0.1116584564860427,24.36,Leo Tolstoy
4.3480885311871225,0.5311871227364185,0.12054329371816638,29.45,Leo Tolstoy
4.346534653465347,0.49504950495049505,0.12828947368421054,20.96551724137931,Leo Tolstoy
4.178781925343811,0.4577603143418468,0.12871287128712872,16.37837837837838,Leo Tolstoy
4.131630648330059,0.5206286836935167,0.11486486486486487,20.413793103448278,Leo Tolstoy
4.202755905511811,0.4921259842519685,0.12643678160919541,22.555555555555557,Leo Tolstoy
4.388998035363458,0.481335952848723,0.12046204620462046,26.347826086956523,Leo Tolstoy
4.395582329317269,0.4718875502008032,0.12437810945273632,20.79310344827586,Leo Tolstoy
3.9645669291338583,0.42913385826771655,0.15572519083969466,19.264705882352942,Leo Tolstoy
4.4694280078895465,0.5069033530571992,0.12297734627831715,20.6,Leo Tolstoy
4.292246520874752,0.47514910536779326,0.12892561983471074,26.304347826086957,Leo Tolstoy
4.101960784313725,0.48627450980392156,0.10684474123539232,23.96,Leo Tolstoy
4.086956521739131,0.4426877470355731,0.11414790996784566,22.214285714285715,Leo Tolstoy
4.3273809523809526,0.5138888888888888,0.12437810945273632,28.714285714285715,Leo Tolstoy
3.923679060665362,0.4774951076320939,0.1419141914191419,18.9375,Leo Tolstoy
4.067460317460317,0.4781746031746032,0.154434250764526,23.357142857142858,Leo Tolstoy
4.385518590998043,0.4892367906066536,0.15165165165165165,15.488372093023257,Leo Tolstoy
4.412,0.49,0.17252396166134185,31.3,Leo Tolstoy
4.135559921414538,0.49901768172888017,0.18484848484848485,17.83783783783784,Leo Tolstoy
3.8180039138943247,0.41291585127201563,0.18271954674220964,16.80952380952381,Leo Tolstoy
4.214,0.502,0.1487603305785124,23.26923076923077,Leo Tolstoy
4.302970297029703,0.47128712871287126,0.10616438356164383,22.46153846153846,Leo Tolstoy
4.313373253493014,0.5289421157684631,0.12351945854483926,25.695652173913043,Leo Tolstoy
4.132264529058117,0.4529058116232465,0.13942307692307693,23.11111111111111,Leo Tolstoy
3.9760479041916166,0.42115768463073855,0.12924071082390953,29.476190476190474,Leo Tolstoy
4.336614173228346,0.4547244094488189,0.1299342105263158,38.0,Leo Tolstoy
4.236111111111111,0.4603174603174603,0.1426256077795786,16.236842105263158,Leo Tolstoy
4.106425702811245,0.4759036144578313,0.1485148514851485,22.444444444444443,Leo Tolstoy
4.386904761904762,0.5,0.12186978297161936,26.043478260869566,Leo Tolstoy
4.24,0.486,0.11683848797250859,20.06896551724138,Leo Tolstoy
4.369781312127237,0.46520874751491054,0.15422077922077923,26.782608695652176,Leo Tolstoy
4.483739837398374,0.4898373983739837,0.1307300509337861,22.653846153846153,Leo Tolstoy
4.371485943775101,0.4718875502008032,0.129783693843594,20.033333333333335,Leo Tolstoy
4.356573705179283,0.5,0.11379310344827587,30.526315789473685,Leo Tolstoy
4.304780876494024,0.5278884462151394,0.11015490533562823,20.75,Leo Tolstoy
4.316733067729084,0.5059760956175299,0.12244897959183673,26.727272727272727,Leo Tolstoy
4.163346613545817,0.4960159362549801,0.11035653650254669,25.608695652173914,Leo Tolstoy
4.3385518590998045,0.49706457925636005,0.10333333333333333,33.333333333333336,Leo Tolstoy
4.60515873015873,0.503968253968254,0.10034013605442177,45.23076923076923,Leo Tolstoy
4.639603960396039,0.5247524752475248,0.0924956369982548,30.157894736842106,Leo Tolstoy
4.594377510040161,0.5160642570281124,0.10906040268456375,27.09090909090909,Leo Tolstoy
4.44950495049505,0.47128712871287126,0.14149443561208266,26.208333333333332,Leo Tolstoy
4.661386138613861,0.4752475247524752,0.0831858407079646,40.357142857142854,Leo Tolstoy
4.380670611439842,0.47928994082840237,0.14471544715447154,22.77777777777778,Leo Tolstoy
4.3,0.47884615384615387,0.1238244514106583,17.72222222222222,Leo Tolstoy
4.330645161290323,0.5100806451612904,0.11284722222222222,27.428571428571427,Leo Tolstoy
4.267857142857143,0.49603174603174605,0.10085470085470086,27.857142857142858,Leo Tolstoy
4.415506958250497,0.4731610337972167,0.1056338028169014,24.695652173913043,Leo Tolstoy
4.131736526946108,0.4311377245508982,0.10193321616871705,19.620689655172413,Leo Tolstoy
4.472837022132797,0.5090543259557344,0.10178571428571428,40.0,Leo Tolstoy
4.590551181102362,0.48031496062992124,0.08274647887323944,33.411764705882355,Leo Tolstoy
4.59009900990099,0.4514851485148515,0.1012216404886562,35.8125,Leo Tolstoy
4.390438247011952,0.5,0.08407871198568873,37.266666666666666,Leo Tolstoy
4.4271457085828345,0.5149700598802395,0.10801393728222997,24.956521739130434,Leo Tolstoy
4.253968253968254,0.4662698412698413,0.14442700156985872,23.59259259259259,Leo Tolstoy
4.017964071856287,0.3972055888223553,0.13166144200626959,22.785714285714285,Leo Tolstoy
3.921259842519685,0.4566929133858268,0.12155591572123177,36.294117647058826,Leo Tolstoy
3.9903474903474905,0.4575289575289575,0.12933753943217666,21.862068965517242,Leo Tolstoy
4.114851485148515,0.4693069306930693,0.11456628477905073,30.55,Leo Tolstoy
4.3757455268389664,0.4671968190854871,0.13509060955518945,24.28,Leo Tolstoy
3.8477842003853566,0.3892100192678227,0.14797507788161993,25.68,Leo Tolstoy
4.215841584158416,0.48316831683168315,0.12748344370860928,25.166666666666668,Leo Tolstoy
4.195564516129032,0.5,0.1484848484848485,30.0,Leo Tolstoy
4.180555555555555,0.47619047619047616,0.17708333333333334,22.4,Leo Tolstoy
3.966202783300199,0.4731610337972167,0.16232771822358347,24.185185185185187,Leo Tolstoy
4.1087378640776695,0.5106796116504855,0.1349206349206349,17.027027027027028,Leo Tolstoy
4.3086172344689375,0.47695390781563124,0.10460992907801418,40.285714285714285,Leo Tolstoy
4.378968253968254,0.4861111111111111,0.1260647359454855,30.894736842105264,Leo Tolstoy
4.524752475247524,0.5128712871287129,0.12244897959183673,36.75,Leo Tolstoy
4.265346534653466,0.5168316831683168,0.12802768166089964,30.42105263157895,Leo Tolstoy
4.328094302554027,0.5049115913555993,0.11677631578947369,30.4,Leo Tolstoy
4.3431372549019605,0.49019607843137253,0.1375579598145286,20.21875,Leo Tolstoy
4.005825242718447,0.4912621359223301,0.16109422492401215,23.5,Leo Tolstoy
4.5489021956087825,0.5289421157684631,0.0985663082437276,34.875,Leo Tolstoy
4.1647058823529415,0.4725490196078431,0.15499254843517138,14.58695652173913,Leo Tolstoy
4.227091633466135,0.4721115537848606,0.132890365448505,24.08,Leo Tolstoy
4.199211045364891,0.4911242603550296,0.1348314606741573,23.074074074074073,Leo Tolstoy
4.236790606653621,0.46966731898238745,0.12359550561797752,23.96153846153846,Leo Tolstoy
4.344488188976378,0.47834645669291337,0.11409395973154363,25.91304347826087,Leo Tolstoy
4.585657370517929,0.4681274900398406,0.10720562390158173,29.94736842105263,Leo Tolstoy
4.236,0.468,0.14626391096979333,21.689655172413794,Leo Tolstoy
4.289940828402367,0.46153846153846156,0.12310286677908938,25.782608695652176,Leo Tolstoy
4.2732673267326735,0.4633663366336634,0.13866231647634583,22.703703703703702,Leo Tolstoy
4.325443786982248,0.4930966469428008,0.14308681672025725,23.923076923076923,Leo Tolstoy
4.541501976284585,0.4723320158102767,0.11394557823129252,23.52,Leo Tolstoy
4.596421471172962,0.5089463220675944,0.12353923205342238,26.043478260869566,Leo Tolstoy
4.538152610441767,0.5281124497991968,0.15213946117274169,17.054054054054053,Leo Tolstoy
4.487229862475442,0.4911591355599214,0.12175324675324675,22.814814814814813,Leo Tolstoy
4.643426294820717,0.5139442231075697,0.08994708994708994,29.842105263157894,Leo Tolstoy
4.361829025844931,0.4970178926441352,0.14845024469820556,23.576923076923077,Leo Tolstoy
4.241516966067865,0.47704590818363274,0.12048192771084337,21.51851851851852,Leo Tolstoy
4.109126984126984,0.498015873015873,0.1697530864197531,16.2,Leo Tolstoy
4.327309236947791,0.5120481927710844,0.1195840554592721,30.36842105263158,Leo Tolstoy
4.426294820717131,0.5278884462151394,0.09965034965034965,35.75,Leo Tolstoy
4.707843137254902,0.5019607843137255,0.09863945578231292,32.666666666666664,Leo Tolstoy
4.630952380952381,0.5079365079365079,0.12096774193548387,23.846153846153847,Leo Tolstoy
4.75,0.5198412698412699,0.10535405872193437,30.473684210526315,Leo Tolstoy
4.399606299212598,0.5236220472440944,0.1393841166936791,29.38095238095238,Leo Tolstoy
4.730382293762576,0.5130784708249497,0.10344827586206896,29.0,Leo Tolstoy
4.651302605210421,0.531062124248497,0.11148086522462562,30.05,Leo Tolstoy
4.709486166007905,0.45652173913043476,0.10104529616724739,41.0,Leo Tolstoy
4.611553784860558,0.4860557768924303,0.10782608695652174,31.944444444444443,Leo Tolstoy
4.57,0.478,0.07846715328467153,28.842105263157894,Leo Tolstoy
4.817097415506958,0.48906560636182905,0.09807355516637478,27.19047619047619,Leo Tolstoy
4.663326653306613,0.5090180360721442,0.10160427807486631,28.05,Leo Tolstoy
4.336,0.46,0.07861060329067641,26.047619047619047,Leo Tolstoy
4.283975659229209,0.49290060851926976,0.11091234347048301,25.40909090909091,Leo Tolstoy
4.074596774193548,0.4939516129032258,0.10106382978723404,29.68421052631579,Leo Tolstoy
4.721442885771543,0.5070140280561122,0.1113013698630137,34.35294117647059,Leo Tolstoy
4.626746506986028,0.5409181636726547,0.09515570934256055,27.523809523809526,Leo Tolstoy
4.215447154471545,0.4878048780487805,0.12147887323943662,21.846153846153847,Leo Tolstoy
4.252,0.518,0.12347826086956522,17.424242424242426,Leo Tolstoy
3.9518072289156625,0.45180722891566266,0.0936936936936937,24.130434782608695,Leo Tolstoy
4.175648702594811,0.49700598802395207,0.09739130434782609,27.38095238095238,Leo Tolstoy
4.618473895582329,0.4959839357429719,0.08797127468581688,32.76470588235294,Leo Tolstoy
4.203557312252965,0.48616600790513836,0.135678391959799,25.956521739130434,Leo Tolstoy
4.344064386317908,0.5070422535211268,0.12736660929432014,26.40909090909091,Leo Tolstoy
4.701195219123506,0.5278884462151394,0.1103448275862069,22.307692307692307,Leo Tolstoy
4.272365805168986,0.5049701789264414,0.1157167530224525,30.473684210526315,Leo Tolstoy
4.203522504892368,0.4383561643835616,0.1750380517503805,19.323529411764707,Leo Tolstoy
4.027237354085603,0.44357976653696496,0.22468793342579751,18.487179487179485,Leo Tolstoy
4.55,0.54,0.125,25.043478260869566,Leo Tolstoy
4.100591715976331,0.4457593688362919,0.14396284829721362,20.1875,Leo Tolstoy
4.066666666666666,0.5078431372549019,0.13249211356466878,21.862068965517242,Leo Tolstoy
4.5777777777777775,0.5353535353535354,0.12,22.115384615384617,Leo Tolstoy
4.252988047808765,0.49203187250996017,0.16124031007751938,16.973684210526315,Leo Tolstoy
4.426294820717131,0.5059760956175299,0.11925042589437819,27.952380952380953,Leo Tolstoy
4.422,0.502,0.12110726643598616,22.23076923076923,Leo Tolstoy
4.695049504950495,0.5227722772277228,0.10380622837370242,34.0,Leo Tolstoy
4.299009900990099,0.47128712871287126,0.11584327086882454,29.35,Leo Tolstoy
4.503952569169961,0.5197628458498024,0.12786885245901639,21.785714285714285,Leo Tolstoy
4.823762376237624,0.500990099009901,0.12395309882747069,20.586206896551722,Leo Tolstoy
4.6686507936507935,0.5376984126984127,0.09717314487632508,20.962962962962962,Leo Tolstoy
4.717434869739479,0.5290581162324649,0.09574468085106383,25.636363636363637,Leo Tolstoy
4.230616302186879,0.46322067594433397,0.11631944444444445,21.333333333333332,Leo Tolstoy
4.177062374245473,0.482897384305835,0.12289562289562289,24.75,Leo Tolstoy
4.640562248995984,0.5080321285140562,0.12624584717607973,28.666666666666668,Leo Tolstoy
4.5168986083499005,0.4850894632206759,0.10683012259194395,27.19047619047619,Leo Tolstoy
4.469184890656064,0.4592445328031809,0.11185308848080133,28.523809523809526,Leo Tolstoy
4.424,0.502,0.13643926788685523,24.04,Leo Tolstoy
4.096456692913386,0.4409448818897638,0.14761904761904762,16.153846153846153,Leo Tolstoy
4.276341948310139,0.4970178926441352,0.16531604538087522,24.68,Leo Tolstoy
4.133466135458168,0.4581673306772908,0.1421647819063005,24.76,Leo Tolstoy
4.236790606653621,0.48336594911937375,0.12080536912751678,24.833333333333332,Leo Tolstoy
4.061386138613861,0.4633663366336634,0.15580286168521462,17.97142857142857,Leo Tolstoy
4.061630218687872,0.41749502982107356,0.19083969465648856,15.975609756097562,Leo Tolstoy
4.037328094302554,0.444007858546169,0.14463452566096424,22.964285714285715,Leo Tolstoy
4.49003984063745,0.47410358565737054,0.09557522123893805,24.565217391304348,Leo Tolstoy
4.261477045908183,0.469061876247505,0.1330049261083744,26.47826086956522,Leo Tolstoy
4.3057199211045365,0.514792899408284,0.09743589743589744,25.434782608695652,Leo Tolstoy
4.14792899408284,0.4714003944773176,0.1260647359454855,29.35,Leo Tolstoy
4.210629921259843,0.452755905511811,0.0984182776801406,21.884615384615383,Leo Tolstoy
4.053892215568863,0.47305389221556887,0.12953367875647667,19.96551724137931,Leo Tolstoy
4.427165354330708,0.4921259842519685,0.12166666666666667,30.0,Leo Tolstoy
4.318181818181818,0.5237154150197628,0.11472602739726027,32.44444444444444,Leo Tolstoy
4.59,0.49,0.11379310344827587,36.25,Leo Tolstoy
4.326086956521739,0.4881422924901186,0.0912280701754386,43.84615384615385,Leo Tolstoy
4.311507936507937,0.4662698412698413,0.1382636655948553,18.848484848484848,Leo Tolstoy
4.443137254901961,0.5490196078431373,0.13598673300165837,22.333333333333332,Leo Tolstoy
4.191616766467066,0.49700598802395207,0.12418300653594772,25.5,Leo Tolstoy
4.394,0.528,0.13043478260869565,24.916666666666668,Leo Tolstoy
4.013806706114399,0.48520710059171596,0.1136,26.041666666666668,Leo Tolstoy
4.183794466403162,0.5158102766798419,0.1456,18.939393939393938,Leo Tolstoy
4.229126213592233,0.5242718446601942,0.14414414414414414,26.64,Leo Tolstoy
4.059523809523809,0.5,0.15217391304347827,22.20689655172414,Leo Tolstoy
4.41948310139165,0.48906560636182905,0.12585034013605442,24.5,Leo Tolstoy
4.112648221343873,0.4980237154150198,0.1,26.818181818181817,Leo Tolstoy
4.510848126232742,0.5029585798816568,0.14566284779050737,22.62962962962963,Leo Tolstoy
4.32806324110672,0.45454545454545453,0.12709030100334448,26.0,Leo Tolstoy
4.202783300198807,0.5089463220675944,0.1354515050167224,23.0,Leo Tolstoy
4.180555555555555,0.4722222222222222,0.1354515050167224,21.357142857142858,Leo Tolstoy
4.467326732673268,0.5069306930693069,0.1264559068219634,25.041666666666668,Leo Tolstoy
4.127490039840637,0.48406374501992033,0.15877862595419848,26.2,Leo Tolstoy
4.226,0.458,0.1306532663316583,27.136363636363637,Leo Tolstoy
4.126459143968872,0.4727626459143969,0.13488372093023257,29.318181818181817,Leo Tolstoy
4.311764705882353,0.5098039215686274,0.11822660098522167,24.36,Leo Tolstoy
4.4523809523809526,0.5396825396825397,0.1426256077795786,28.045454545454547,Leo Tolstoy
4.259615384615385,0.525,0.1361573373676248,21.322580645161292,Leo Tolstoy
4.459724950884087,0.48919449901768175,0.141321044546851,25.03846153846154,Leo Tolstoy
4.304950495049505,0.49504950495049505,0.12218649517684887,25.916666666666668,Leo Tolstoy
4.120553359683795,0.4683794466403162,0.13008130081300814,17.571428571428573,Leo Tolstoy
4.467196819085487,0.5168986083499006,0.10906040268456375,37.25,Leo Tolstoy
4.33201581027668,0.44466403162055335,0.09965635738831616,26.454545454545453,Leo Tolstoy
4.43313373253493,0.5069860279441117,0.10921501706484642,27.904761904761905,Leo Tolstoy
4.121756487025948,0.47305389221556887,0.17357910906298002,17.594594594594593,Leo Tolstoy
4.213572854291417,0.47305389221556887,0.1407766990291262,20.6,Leo Tolstoy
4.059523809523809,0.4503968253968254,0.14756671899529042,22.75,Leo Tolstoy
4.049407114624506,0.43478260869565216,0.13862928348909656,24.692307692307693,Leo Tolstoy
4.329365079365079,0.4742063492063492,0.1546875,27.82608695652174,Leo Tolstoy
4.53069306930693,0.49306930693069306,0.15081967213114755,25.416666666666668,Leo Tolstoy
4.31496062992126,0.5098425196850394,0.13008130081300814,30.75,Leo Tolstoy
4.3125,0.509765625,0.12277867528271405,21.344827586206897,Leo Tolstoy
4.5,0.49606299212598426,0.1185064935064935,20.533333333333335,Leo Tolstoy
4.654296875,0.51953125,0.15639810426540285,16.23076923076923,Leo Tolstoy
4.0452755905511815,0.4744094488188976,0.17872968980797638,19.91176470588235,Leo Tolstoy
4.131736526946108,0.4750499001996008,0.12006861063464837,22.423076923076923,Leo Tolstoy
4.129224652087475,0.4592445328031809,0.14082278481012658,22.571428571428573,Leo Tolstoy
4.150793650793651,0.42063492063492064,0.19311377245508982,16.7,Leo Tolstoy
4.448,0.442,0.1003584229390681,31.0,Leo Tolstoy
4.426587301587301,0.4603174603174603,0.13874788494077833,26.863636363636363,Leo Tolstoy
4.65,0.516,0.11228070175438597,31.666666666666668,Leo Tolstoy
4.488888888888889,0.5111111111111111,0.14821124361158433,27.952380952380953,Leo Tolstoy
4.493013972055889,0.4930139720558882,0.1054481546572935,43.76923076923077,Leo Tolstoy
4.320717131474104,0.4960159362549801,0.10052910052910052,27.0,Leo Tolstoy
4.470355731225297,0.5177865612648221,0.1075085324232082,34.470588235294116,Leo Tolstoy
4.423762376237624,0.48316831683168315,0.09557522123893805,33.23529411764706,Leo Tolstoy
4.563106796116505,0.49320388349514566,0.11276948590381426,31.736842105263158,Leo Tolstoy
4.380670611439842,0.49506903353057197,0.10865874363327674,28.047619047619047,Leo Tolstoy
4.215264187866928,0.4735812133072407,0.12418300653594772,25.5,Leo Tolstoy
4.786138613861386,0.5267326732673268,0.100169779286927,25.608695652173914,Leo Tolstoy
4.464788732394366,0.5110663983903421,0.12080536912751678,19.225806451612904,Leo Tolstoy
4.330661322645291,0.5150300601202404,0.13570274636510501,23.807692307692307,Leo Tolstoy
4.03515625,0.435546875,0.12618296529968454,21.133333333333333,Leo Tolstoy
4.377777777777778,0.498989898989899,0.11917098445595854,25.17391304347826,Leo Tolstoy
4.634,0.566,0.12755102040816327,28.0,Leo Tolstoy
4.49003984063745,0.4860557768924303,0.11447811447811448,29.7,Leo Tolstoy
4.4831013916500995,0.5387673956262425,0.10590277777777778,30.31578947368421,Leo Tolstoy
4.3339882121807465,0.5225933202357563,0.13029315960912052,18.606060606060606,Leo Tolstoy
3.9632495164410058,0.48549323017408125,0.11755233494363929,16.342105263157894,Leo Tolstoy
4.362745098039215,0.492156862745098,0.115,23.076923076923077,Leo Tolstoy
4.3882352941176475,0.4725490196078431,0.1377049180327869,26.52173913043478,Leo Tolstoy
4.271119842829076,0.481335952848723,0.14696485623003194,20.866666666666667,Leo Tolstoy
4.213861386138614,0.504950495049505,0.13131313131313133,25.82608695652174,Leo Tolstoy
4.441634241245136,0.5155642023346303,0.11612903225806452,28.181818181818183,Leo Tolstoy
4.288235294117647,0.5254901960784314,0.12199036918138041,19.46875,Leo Tolstoy
4.44950495049505,0.49504950495049505,0.09154929577464789,31.555555555555557,Leo Tolstoy
4.56686626746507,0.5069860279441117,0.10398613518197573,23.08,Leo Tolstoy
4.379647749510763,0.5185909980430529,0.0839041095890411,23.36,Leo Tolstoy
4.500994035785288,0.5168986083499006,0.11604095563139932,22.53846153846154,Leo Tolstoy
4.264940239043825,0.47808764940239046,0.11714770797962648,21.035714285714285,Leo Tolstoy
4.20523138832998,0.4788732394366197,0.12714776632302405,18.774193548387096,Leo Tolstoy
4.280943025540275,0.4931237721021611,0.09605488850771869,26.5,Leo Tolstoy
4.49,0.472,0.10657193605683836,28.15,Leo Tolstoy
4.485148514851486,0.5069306930693069,0.11461794019933555,21.5,Leo Tolstoy
4.37573385518591,0.5146771037181996,0.10517529215358931,23.03846153846154,Leo Tolstoy
4.373046875,0.5234375,0.1044776119402985,21.535714285714285,Leo Tolstoy
4.629702970297029,0.5089108910891089,0.13210702341137123,18.6875,Leo Tolstoy
4.267857142857143,0.47619047619047616,0.14098360655737704,17.428571428571427,Leo Tolstoy
4.042884990253412,0.44834307992202727,0.1443932411674347,18.6,Leo Tolstoy
4.177865612648222,0.4209486166007905,0.11658456486042693,22.555555555555557,Leo Tolstoy
4.193359375,0.474609375,0.1638846737481032,16.073170731707318,Leo Tolstoy
3.8823529411764706,0.38330170777988615,0.171875,14.666666666666666,Leo Tolstoy
4.079611650485437,0.4330097087378641,0.13488372093023257,16.125,Leo Tolstoy
4.247563352826511,0.442495126705653,0.14018691588785046,16.894736842105264,Leo Tolstoy
4.3728155339805825,0.5106796116504855,0.1238244514106583,22.785714285714285,Leo Tolstoy
4.098076923076923,0.46153846153846156,0.15942028985507245,14.375,Leo Tolstoy
4.26559356136821,0.44466800804828976,0.10535405872193437,23.16,Leo Tolstoy
4.021526418786693,0.48532289628180036,0.17073170731707318,18.342105263157894,Leo Tolstoy
4.094488188976378,0.4921259842519685,0.17888563049853373,16.634146341463413,Leo Tolstoy
4.474,0.486,0.1532258064516129,17.714285714285715,Leo Tolstoy
4.14757281553398,0.45436893203883494,0.17293233082706766,14.456521739130435,Leo Tolstoy
4.282608695652174,0.45652173913043476,0.11932773109243698,19.833333333333332,Leo Tolstoy
4.541501976284585,0.5237154150197628,0.10152284263959391,22.73076923076923,Leo Tolstoy
4.301960784313725,0.47058823529411764,0.10631229235880399,24.08,Leo Tolstoy
4.111984282907662,0.4518664047151277,0.13578274760383385,21.586206896551722,Leo Tolstoy
4.375984251968504,0.46062992125984253,0.11390284757118928,20.586206896551722,Leo Tolstoy
4.137596899224806,0.47093023255813954,0.14329738058551617,27.041666666666668,Leo Tolstoy
4.453280318091451,0.4572564612326044,0.11243611584327087,23.48,Leo Tolstoy
4.446428571428571,0.4880952380952381,0.11371237458193979,26.0,Leo Tolstoy
4.346,0.456,0.17719568567026195,18.02777777777778,Leo Tolstoy
4.184890656063618,0.46520874751491054,0.15121951219512195,19.838709677419356,Leo Tolstoy
3.996078431372549,0.4627450980392157,0.1545595054095827,20.870967741935484,Leo Tolstoy
4.772455089820359,0.5169660678642715,0.11015490533562823,38.733333333333334,Leo Tolstoy
4.602385685884692,0.441351888667992,0.07441016333938294,55.1,Leo Tolstoy
4.446428571428571,0.4603174603174603,0.10314685314685315,31.77777777777778,Leo Tolstoy
4.600798403193613,0.499001996007984,0.10350877192982456,47.5,Leo Tolstoy
4.28740157480315,0.5236220472440944,0.1342281879194631,33.111111111111114,Leo Tolstoy
4.256410256410256,0.49506903353057197,0.1440536013400335,18.65625,Leo Tolstoy
4.498993963782696,0.48893360160965793,0.1051693404634581,31.166666666666668,Leo Tolstoy
4.598393574297189,0.4919678714859438,0.12014134275618374,23.583333333333332,Leo Tolstoy
4.636,0.49,0.10124333925399645,26.80952380952381,Leo Tolstoy
4.542,0.484,0.08743169398907104,42.23076923076923,Leo Tolstoy
4.675944333996024,0.47912524850894633,0.10283687943262411,26.857142857142858,Leo Tolstoy
4.521042084168337,0.5150300601202404,0.12374581939799331,46.0,Leo Tolstoy
4.648809523809524,0.5257936507936508,0.1264559068219634,33.388888888888886,Leo Tolstoy
4.4862204724409445,0.5039370078740157,0.10906040268456375,29.8,Leo Tolstoy
4.542574257425742,0.4772277227722772,0.11438474870017332,32.05555555555556,Leo Tolstoy
4.6521739130434785,0.5059288537549407,0.11129848229342328,26.954545454545453,Leo Tolstoy
4.603585657370518,0.46215139442231074,0.10221465076660988,20.24137931034483,Leo Tolstoy
4.594861660079052,0.5079051383399209,0.12790697674418605,27.363636363636363,Leo Tolstoy
4.406311637080868,0.46942800788954636,0.10961214165261383,23.72,Leo Tolstoy
4.568588469184891,0.5049701789264414,0.13245033112582782,31.789473684210527,Leo Tolstoy
4.64484126984127,0.46825396825396826,0.11,30.0,Leo Tolstoy
4.428007889546351,0.46548323471400394,0.13464696223316913,23.423076923076923,Leo Tolstoy
4.547808764940239,0.50199203187251,0.09803921568627451,29.526315789473685,Leo Tolstoy
4.599601593625498,0.5318725099601593,0.1056338028169014,40.57142857142857,Leo Tolstoy
4.397233201581027,0.4782608695652174,0.1097770154373928,29.15,Leo Tolstoy
4.10337972166998,0.46322067594433397,0.1360655737704918,27.727272727272727,Leo Tolstoy
4.164031620553359,0.48221343873517786,0.11295681063122924,20.066666666666666,Leo Tolstoy
4.441351888667992,0.44532803180914515,0.09982174688057041,29.526315789473685,Leo Tolstoy
4.825049701789265,0.441351888667992,0.12371134020618557,36.375,Leo Tolstoy
4.759920634920635,0.5099206349206349,0.12048192771084337,36.3125,Leo Tolstoy
4.561122244488978,0.49298597194388777,0.11551724137931034,36.25,Leo Tolstoy
4.819085487077535,0.5467196819085487,0.0944741532976827,46.75,Leo Tolstoy
4.706225680933852,0.4377431906614786,0.08159722222222222,48.0,Leo Tolstoy
4.575452716297787,0.5130784708249497,0.136986301369863,30.736842105263158,Leo Tolstoy
4.526,0.46,0.11206896551724138,34.11764705882353,Leo Tolstoy
4.7267326732673265,0.4891089108910891,0.11925042589437819,30.894736842105264,Leo Tolstoy
4.549407114624506,0.49604743083003955,0.1281198003327787,28.61904761904762,Leo Tolstoy
4.6958250497017895,0.5009940357852882,0.11091854419410745,32.05555555555556,Leo Tolstoy
4.345238095238095,0.4603174603174603,0.10598290598290598,32.5,Leo Tolstoy
4.433399602385686,0.47912524850894633,0.10801393728222997,33.76470588235294,Leo Tolstoy
4.733067729083666,0.5159362549800797,0.11033274956217162,27.19047619047619,Leo Tolstoy
4.346534653465347,0.4772277227722772,0.10207612456747404,28.9,Leo Tolstoy
4.491159135559921,0.5481335952848723,0.11658456486042693,22.555555555555557,Leo Tolstoy
4.353876739562624,0.47713717693836977,0.10596026490066225,28.761904761904763,Leo Tolstoy
4.42603550295858,0.5029585798816568,0.12146422628951747,28.61904761904762,Leo Tolstoy
4.351888667992048,0.5029821073558648,0.12110726643598616,27.523809523809526,Leo Tolstoy
4.540755467196819,0.48111332007952284,0.13050847457627118,19.666666666666668,Leo Tolstoy
4.399201596806387,0.44510978043912175,0.11846689895470383,24.956521739130434,Leo Tolstoy
4.349112426035503,0.46153846153846156,0.11705685618729098,23.92,Leo Tolstoy
4.33201581027668,0.5177865612648221,0.12837837837837837,23.68,Leo Tolstoy
4.293069306930693,0.4594059405940594,0.08944543828264759,50.81818181818182,Leo Tolstoy
4.363636363636363,0.4841897233201581,0.0975609756097561,38.266666666666666,Leo Tolstoy
4.336653386454183,0.4581673306772908,0.09911504424778761,20.925925925925927,Leo Tolstoy
4.548707753479126,0.49502982107355864,0.09608540925266904,43.23076923076923,Leo Tolstoy
4.430861723446894,0.49298597194388777,0.11013986013986014,31.77777777777778,Leo Tolstoy
4.241176470588235,0.4666666666666667,0.11295681063122924,35.411764705882355,Leo Tolstoy
4.245508982035928,0.4530938123752495,0.11282051282051282,34.411764705882355,Leo Tolstoy
4.465208747514911,0.5347912524850894,0.1267123287671233,32.44444444444444,Leo Tolstoy
4.162,0.432,0.09929078014184398,37.6,Leo Tolstoy
4.522088353413655,0.5120481927710844,0.10801393728222997,44.15384615384615,Leo Tolstoy
4.197033898305085,0.4894067796610169,0.11452991452991453,30.789473684210527,Leo Tolstoy
4.349206349206349,0.48214285714285715,0.08377896613190731,46.75,Leo Tolstoy
3.909448818897638,0.452755905511811,0.16640746500777606,20.741935483870968,Leo Tolstoy
4.18359375,0.474609375,0.15582450832072617,18.36111111111111,Leo Tolstoy
4.3812375249501,0.5149700598802395,0.11833333333333333,24.0,Leo Tolstoy
3.988416988416988,0.44787644787644787,0.18892045454545456,27.076923076923077,Leo Tolstoy
4.358870967741935,0.5120967741935484,0.15843270868824533,24.458333333333332,Leo Tolstoy
4.3841584158415845,0.4871287128712871,0.1092436974789916,25.869565217391305,Leo Tolstoy
4.440776699029127,0.47184466019417476,0.09595959595959595,24.75,Leo Tolstoy
4.435387673956263,0.4592445328031809,0.13590604026845637,24.833333333333332,Leo Tolstoy
4.394477317554241,0.52465483234714,0.1135593220338983,29.5,Leo Tolstoy
4.580896686159844,0.5263157894736842,0.11073825503355705,24.833333333333332,Leo Tolstoy
4.540275049115913,0.5108055009823183,0.12111292962356793,35.94117647058823,Leo Tolstoy
4.374501992031872,0.5039840637450199,0.13131313131313133,28.285714285714285,Leo Tolstoy
4.3812375249501,0.5149700598802395,0.12935323383084577,25.125,Leo Tolstoy
4.566600397614314,0.5069582504970179,0.11551724137931034,20.714285714285715,Leo Tolstoy
4.516,0.518,0.08648648648648649,39.642857142857146,Leo Tolstoy
4.464143426294821,0.44223107569721115,0.07636363636363637,36.666666666666664,Leo Tolstoy
4.581532416502947,0.4538310412573674,0.07992895204262877,37.53333333333333,Leo Tolstoy
4.706930693069307,0.4693069306930693,0.10627177700348432,26.09090909090909,Leo Tolstoy
4.534516765285996,0.5009861932938856,0.10806174957118353,20.821428571428573,Leo Tolstoy
4.3609467455621305,0.52465483234714,0.10499139414802065,32.27777777777778,Leo Tolstoy
4.478174603174603,0.45634920634920634,0.16358024691358025,20.25,Leo Tolstoy
4.2475442043222005,0.4204322200392927,0.13365539452495975,32.68421052631579,Leo Tolstoy
4.224206349206349,0.4861111111111111,0.13509060955518945,17.852941176470587,Leo Tolstoy
4.3641732283464565,0.4940944881889764,0.11774461028192372,27.40909090909091,Leo Tolstoy
4.33201581027668,0.5079051383399209,0.1306532663316583,23.88,Leo Tolstoy
4.098646034816247,0.48549323017408125,0.14548238897396631,18.13888888888889,Leo Tolstoy
4.634730538922156,0.5249500998003992,0.12136752136752137,24.375,Leo Tolstoy
4.205882352941177,0.5078431372549019,0.1515625,18.823529411764707,Leo Tolstoy
4.4930693069306935,0.5069306930693069,0.13179571663920922,19.580645161290324,Leo Tolstoy
4.484313725490196,0.5098039215686274,0.11813643926788686,21.464285714285715,Leo Tolstoy
4.3717693836978135,0.49304174950298213,0.11694915254237288,18.4375,Leo Tolstoy
4.350701402805611,0.5390781563126252,0.125,22.76923076923077,Leo Tolstoy
4.3804780876494025,0.4900398406374502,0.08828828828828829,30.833333333333332,Leo Tolstoy
4.312127236580517,0.48906560636182905,0.1048951048951049,22.0,Leo Tolstoy
4.488,0.542,0.09930313588850175,23.916666666666668,Leo Tolstoy
4.4095427435387675,0.5149105367793241,0.1345514950166113,26.17391304347826,Leo Tolstoy
4.031872509960159,0.448207171314741,0.13532513181019332,21.074074074074073,Leo Tolstoy
4.705882352941177,0.4823529411764706,0.08159722222222222,38.4,Leo Tolstoy
4.424418604651163,0.45930232558139533,0.09271523178807947,21.571428571428573,Leo Tolstoy
4.473161033797217,0.4572564612326044,0.11274509803921569,24.48,Leo Tolstoy
4.605633802816901,0.5432595573440644,0.09397163120567376,33.1764705882353,Leo Tolstoy
4.464566929133858,0.5177165354330708,0.11745513866231648,32.26315789473684,Leo Tolstoy
4.582,0.506,0.09965034965034965,35.75,Leo Tolstoy
4.176,0.462,0.08226691042047532,23.782608695652176,Leo Tolstoy
4.5,0.4722222222222222,0.10507880910683012,23.791666666666668,Leo Tolstoy
4.474,0.468,0.10160427807486631,20.035714285714285,Leo Tolstoy
4.312871287128713,0.4633663366336634,0.16666666666666666,18.0,Leo Tolstoy
4.201596806387226,0.45708582834331335,0.1847649918962723,15.820512820512821,Leo Tolstoy
4.215953307392996,0.4669260700389105,0.13570274636510501,19.34375,Leo Tolstoy
4.533730158730159,0.5079365079365079,0.07857142857142857,40.0,Leo Tolstoy
4.668,0.482,0.09911504424778761,43.46153846153846,Leo Tolstoy
4.4649298597194385,0.46292585170340683,0.08797127468581688,30.944444444444443,Leo Tolstoy
4.219367588932807,0.4723320158102767,0.130298273155416,22.75,Leo Tolstoy
4.437375745526839,0.49105367793240556,0.09700176366843033,21.0,Leo Tolstoy
4.3757455268389664,0.46123260437375746,0.14590163934426228,23.46153846153846,Leo Tolstoy
4.522682445759369,0.4714003944773176,0.11764705882352941,28.333333333333332,Leo Tolstoy
4.0,0.4327485380116959,0.12883435582822086,17.157894736842106,Leo Tolstoy
4.068897637795276,0.4409448818897638,0.12755905511811025,21.166666666666668,Leo Tolstoy
3.90625,0.41796875,0.14533965244865718,17.583333333333332,Leo Tolstoy
4.282608695652174,0.5019762845849802,0.09499136442141623,21.444444444444443,Leo Tolstoy
4.131736526946108,0.4530938123752495,0.10102739726027397,23.36,Leo Tolstoy
4.384769539078157,0.49899799599198397,0.15070643642072212,23.59259259259259,Leo Tolstoy
4.329388560157791,0.46745562130177515,0.1388888888888889,32.21052631578947,Leo Tolstoy
4.270750988142293,0.4980237154150198,0.11538461538461539,22.14814814814815,Leo Tolstoy
4.180582524271845,0.4893203883495146,0.14728682170542637,17.43243243243243,Leo Tolstoy
4.0347490347490345,0.44787644787644787,0.1554559043348281,17.153846153846153,Leo Tolstoy
4.287128712871287,0.4891089108910891,0.10085470085470086,29.25,Leo Tolstoy
4.480314960629921,0.47834645669291337,0.0976027397260274,25.391304347826086,Leo Tolstoy
4.3152804642166345,0.4912959381044487,0.11396468699839486,19.46875,Leo Tolstoy
4.501968503937008,0.5039370078740157,0.13980263157894737,21.714285714285715,Leo Tolstoy
4.345849802371541,0.5039525691699605,0.139937106918239,23.555555555555557,Leo Tolstoy
4.420743639921722,0.44227005870841485,0.09897610921501707,30.842105263157894,Leo Tolstoy
4.141732283464567,0.5137795275590551,0.13526570048309178,23.0,Leo Tolstoy
4.237623762376238,0.4633663366336634,0.14992025518341306,19.0,Leo Tolstoy
4.3053892215568865,0.47904191616766467,0.13183279742765272,34.55555555555556,Leo Tolstoy
4.491124260355029,0.5009861932938856,0.09169550173010381,48.166666666666664,Leo Tolstoy
4.183431952662722,0.4911242603550296,0.1171875,29.09090909090909,Leo Tolstoy
4.101190476190476,0.4861111111111111,0.15789473684210525,18.486486486486488,Leo Tolstoy
4.308467741935484,0.4939516129032258,0.12437810945273632,22.333333333333332,Leo Tolstoy
4.300589390962672,0.5343811394891945,0.15132605304212168,17.805555555555557,Leo Tolstoy
4.397614314115308,0.5089463220675944,0.11925042589437819,23.48,Leo Tolstoy
4.424901185770751,0.44861660079051385,0.1076923076923077,24.375,Leo Tolstoy
4.568588469184891,0.4194831013916501,0.07832422586520947,34.3125,Leo Tolstoy
4.445121951219512,0.3943089430894309,0.12121212121212122,33.0,Leo Tolstoy
4.567460317460317,0.39087301587301587,0.08243727598566308,62.0,Leo Tolstoy
4.490981963927855,0.42084168336673344,0.09156193895870736,46.416666666666664,Leo Tolstoy
4.205179282868526,0.46215139442231074,0.11072056239015818,23.708333333333332,Leo Tolstoy
4.220272904483431,0.5107212475633528,0.16199376947040497,19.454545454545453,Leo Tolstoy
4.661354581673307,0.5139442231075697,0.10975609756097561,28.7,Leo Tolstoy
4.30844793713163,0.42829076620825146,0.154434250764526,21.8,Leo Tolstoy
4.451866404715128,0.4911591355599214,0.1584,20.833333333333332,Leo Tolstoy
4.626746506986028,0.4810379241516966,0.09608540925266904,33.05882352941177,Leo Tolstoy
4.305555555555555,0.5119047619047619,0.14423076923076922,17.82857142857143,Leo Tolstoy
4.4186507936507935,0.5079365079365079,0.12871287128712872,25.25,Leo Tolstoy
4.3399602385685885,0.48906560636182905,0.14748784440842788,22.85185185185185,Leo Tolstoy
4.635458167330677,0.5298804780876494,0.09717314487632508,24.608695652173914,Leo Tolstoy
4.572277227722772,0.504950495049505,0.0975609756097561,31.88888888888889,Leo Tolstoy
4.172,0.514,0.16216216216216217,21.142857142857142,Leo Tolstoy
4.412698412698413,0.4623015873015873,0.1617873651771957,18.542857142857144,Leo Tolstoy
4.298418972332016,0.466403162055336,0.12335526315789473,25.333333333333332,Leo Tolstoy
4.204771371769383,0.4711729622266402,0.1054421768707483,25.565217391304348,Leo Tolstoy
4.317460317460317,0.5099206349206349,0.13322884012539185,19.9375,Leo Tolstoy
4.1976284584980235,0.46047430830039526,0.10843373493975904,20.75,Leo Tolstoy
4.281496062992126,0.5039370078740157,0.15847860538827258,20.35483870967742,Leo Tolstoy
4.453280318091451,0.5009940357852882,0.15849673202614378,23.53846153846154,Leo Tolstoy
4.338645418326693,0.47808764940239046,0.11872909698996656,23.0,Leo Tolstoy
4.346613545816733,0.4820717131474104,0.1135593220338983,25.652173913043477,Leo Tolstoy
4.676646706586826,0.5109780439121756,0.1048951048951049,31.77777777777778,Leo Tolstoy
4.534791252485089,0.415506958250497,0.09183673469387756,34.588235294117645,Leo Tolstoy
4.362376237623763,0.38415841584158417,0.08540925266903915,40.142857142857146,Leo Tolstoy
4.4520547945205475,0.43052837573385516,0.08605851979345955,48.416666666666664,Leo Tolstoy
4.5458167330677295,0.46215139442231074,0.08896797153024912,35.125,Leo Tolstoy
4.238095238095238,0.498015873015873,0.12111292962356793,19.09375,Leo Tolstoy
4.246492985971944,0.5170340681362725,0.1267123287671233,17.696969696969695,Leo Tolstoy
4.506,0.512,0.11986301369863013,21.62962962962963,Leo Tolstoy
4.498015873015873,0.45634920634920634,0.13673805601317957,35.705882352941174,Leo Tolstoy
4.319361277445109,0.47105788423153694,0.09911504424778761,31.38888888888889,Leo Tolstoy
4.189453125,0.455078125,0.1413373860182371,18.8,Leo Tolstoy
4.4095427435387675,0.49304174950298213,0.09878682842287695,25.08695652173913,Leo Tolstoy
4.460629921259843,0.5177165354330708,0.11513157894736842,23.384615384615383,Leo Tolstoy
4.339920948616601,0.5019762845849802,0.11258278145695365,26.26086956521739,Leo Tolstoy
4.511904761904762,0.4880952380952381,0.14634146341463414,15.76923076923077,Leo Tolstoy
4.529761904761905,0.4742063492063492,0.09807355516637478,30.05263157894737,Leo Tolstoy
4.4714003944773175,0.5009861932938856,0.10652920962199312,30.63157894736842,Leo Tolstoy
4.543478260869565,0.4505928853754941,0.10017574692442882,37.93333333333333,Leo Tolstoy
4.66600790513834,0.4644268774703557,0.08243727598566308,34.875,Leo Tolstoy
4.717391304347826,0.5039525691699605,0.100169779286927,26.772727272727273,Leo Tolstoy
4.707509881422925,0.5118577075098815,0.12191103789126853,22.48148148148148,Leo Tolstoy
4.484189723320158,0.47035573122529645,0.09507042253521127,37.86666666666667,Leo Tolstoy
4.396414342629482,0.5179282868525896,0.11149228130360206,24.291666666666668,Leo Tolstoy
4.341130604288499,0.4756335282651072,0.0907563025210084,28.333333333333332,Leo Tolstoy
4.47410358565737,0.4701195219123506,0.12773109243697478,27.045454545454547,Leo Tolstoy
4.693069306930693,0.5148514851485149,0.10961214165261383,34.88235294117647,Leo Tolstoy
4.543824701195219,0.5537848605577689,0.12347826086956522,25.0,Leo Tolstoy
4.4760956175298805,0.5179282868525896,0.1342281879194631,18.625,Leo Tolstoy
4.466403162055336,0.49209486166007904,0.1634920634920635,16.57894736842105,Leo Tolstoy
4.38,0.494,0.12776831345826234,20.964285714285715,Leo Tolstoy
4.471287128712872,0.499009900990099,0.12244897959183673,22.615384615384617,Leo Tolstoy
4.457085828343313,0.47305389221556887,0.12798634812286688,21.703703703703702,Leo Tolstoy
4.53784860557769,0.4960159362549801,0.1111111111111111,27.428571428571427,Leo Tolstoy
4.672690763052209,0.5,0.1164021164021164,35.4375,Leo Tolstoy
4.74,0.55,0.13945578231292516,36.75,Leo Tolstoy
4.42315369261477,0.3972055888223553,0.08394160583941605,34.25,Leo Tolstoy
4.732,0.452,0.09838998211091235,37.266666666666666,Leo Tolstoy
4.861386138613861,0.44356435643564357,0.08617594254937164,32.76470588235294,Leo Tolstoy
4.219560878243513,0.3932135728542914,0.08014571948998178,39.214285714285715,Leo Tolstoy
4.664670658682635,0.48902195608782434,0.10442477876106195,28.25,Leo Tolstoy
4.456692913385827,0.4547244094488189,0.0897887323943662,33.411764705882355,Leo Tolstoy
4.573705179282869,0.4701195219123506,0.10088495575221239,35.3125,Leo Tolstoy
4.692614770459082,0.5249500998003992,0.10695187165775401,26.714285714285715,Leo Tolstoy
4.512,0.442,0.10954063604240283,25.727272727272727,Leo Tolstoy
4.430555555555555,0.5277777777777778,0.1111111111111111,24.0,Leo Tolstoy
4.5458167330677295,0.4960159362549801,0.100169779286927,24.541666666666668,Leo Tolstoy
4.568,0.52,0.13856427378964942,24.958333333333332,Leo Tolstoy
4.6546906187624755,0.45708582834331335,0.08152173913043478,30.666666666666668,Leo Tolstoy
4.607142857142857,0.503968253968254,0.08108108108108109,61.666666666666664,Leo Tolstoy
4.340594059405941,0.500990099009901,0.13673805601317957,33.72222222222222,Leo Tolstoy
4.314516129032258,0.49193548387096775,0.10270270270270271,29.210526315789473,Leo Tolstoy
4.5199203187251,0.5059760956175299,0.10350877192982456,28.5,Leo Tolstoy
4.383399209486166,0.4901185770750988,0.10782608695652174,33.8235294117647,Leo Tolstoy
4.3821782178217825,0.5207920792079208,0.14195583596214512,21.862068965517242,Leo Tolstoy
4.196,0.502,0.12769485903814262,28.714285714285715,Leo Tolstoy
4.1462925851703405,0.49498997995991983,0.11853088480801335,24.958333333333332,Leo Tolstoy
4.20675944333996,0.5009940357852882,0.15421303656597773,19.060606060606062,Leo Tolstoy
4.254473161033797,0.43737574552683894,0.12372881355932204,22.692307692307693,Leo Tolstoy
4.288844621513944,0.4601593625498008,0.12372881355932204,19.032258064516128,Leo Tolstoy
4.112648221343873,0.4841897233201581,0.10833333333333334,25.0,Leo Tolstoy
4.184738955823293,0.39759036144578314,0.1593984962406015,22.93103448275862,Leo Tolstoy
3.926441351888668,0.4552683896620278,0.12355848434925865,20.93103448275862,Leo Tolstoy
4.343253968253968,0.4880952380952381,0.1416803953871499,24.28,Leo Tolstoy
4.413861386138614,0.4891089108910891,0.08865248226950355,31.333333333333332,Leo Tolstoy
4.614457831325301,0.4718875502008032,0.0967741935483871,31.0,Leo Tolstoy
4.590818363273453,0.4870259481037924,0.08797127468581688,30.944444444444443,Leo Tolstoy
4.243512974051896,0.48502994011976047,0.10265486725663717,29.736842105263158,Leo Tolstoy
4.285714285714286,0.4781746031746032,0.13517915309446255,21.928571428571427,Leo Tolstoy
4.212062256809339,0.4961089494163424,0.1309148264984227,24.384615384615383,Leo Tolstoy
4.510805500982318,0.4774066797642436,0.12195121951219512,19.21875,Leo Tolstoy
4.280392156862745,0.4823529411764706,0.13291139240506328,18.057142857142857,Leo Tolstoy
4.563745019920319,0.5139442231075697,0.10350877192982456,28.5,Leo Tolstoy
4.137176938369781,0.4711729622266402,0.1639871382636656,20.06451612903226,Leo Tolstoy
4.205078125,0.486328125,0.12987012987012986,21.24137931034483,Leo Tolstoy
4.154455445544555,0.49306930693069306,0.1467304625199362,23.22222222222222,Leo Tolstoy
4.1242718446601945,0.4563106796116505,0.1760355029585799,16.095238095238095,Leo Tolstoy
4.225099601593626,0.4601593625498008,0.12991452991452992,21.666666666666668,Leo Tolstoy
4.100591715976331,0.4635108481262327,0.11949685534591195,19.272727272727273,Leo Tolstoy
4.407554671968191,0.536779324055666,0.1305785123966942,23.26923076923077,Leo Tolstoy
4.3629191321499015,0.504930966469428,0.12845528455284552,26.73913043478261,Leo Tolstoy
4.426614481409002,0.48532289628180036,0.16030534351145037,16.375,Leo Tolstoy
4.156746031746032,0.4742063492063492,0.09608540925266904,28.1,Leo Tolstoy
4.226,0.494,0.12965964343598055,23.73076923076923,Leo Tolstoy
4.495069033530572,0.5128205128205128,0.08963093145869948,29.94736842105263,Leo Tolstoy
4.357429718875502,0.4718875502008032,0.13006756756756757,21.142857142857142,Leo Tolstoy
4.345454545454546,0.48484848484848486,0.12563667232597622,24.541666666666668,Leo Tolstoy
4.472,0.508,0.11498257839721254,31.88888888888889,Leo Tolstoy
4.525793650793651,0.4642857142857143,0.09608540925266904,29.57894736842105,Leo Tolstoy
4.5199203187251,0.5717131474103586,0.11438474870017332,27.476190476190474,Leo Tolstoy
4.280943025540275,0.5343811394891945,0.15789473684210525,17.944444444444443,Leo Tolstoy
4.515873015873016,0.5119047619047619,0.11224489795918367,21.77777777777778,Leo Tolstoy
4.139165009940358,0.4711729622266402,0.14037854889589904,19.21212121212121,Leo Tolstoy
4.48692152917505,0.5251509054325956,0.1314878892733564,23.12,Leo Tolstoy
4.366141732283465,0.5177165354330708,0.1421875,22.857142857142858,Leo Tolstoy
4.239685658153242,0.47347740667976423,0.14467408585055644,19.65625,Leo Tolstoy
4.567460317460317,0.49206349206349204,0.11073253833049404,27.952380952380953,Leo Tolstoy
4.83399209486166,0.49407114624505927,0.08854166666666667,30.31578947368421,Leo Tolstoy
4.602,0.468,0.12014134275618374,25.727272727272727,Leo Tolstoy
4.601190476190476,0.5138888888888888,0.1306532663316583,29.85,Leo Tolstoy
4.366336633663367,0.4495049504950495,0.13290113452188007,17.62857142857143,Leo Tolstoy
4.330645161290323,0.4939516129032258,0.1267123287671233,23.36,Leo Tolstoy
4.570281124497992,0.5020080321285141,0.1423785594639866,19.258064516129032,Leo Tolstoy
4.411881188118812,0.5207920792079208,0.20163934426229507,18.484848484848484,Leo Tolstoy
4.676646706586826,0.49700598802395207,0.08098591549295775,27.047619047619047,Leo Tolstoy
4.41851106639839,0.5050301810865191,0.151618398637138,20.24137931034483,Leo Tolstoy
4.568588469184891,0.48906560636182905,0.11458333333333333,20.571428571428573,Leo Tolstoy
4.447105788423154,0.4550898203592814,0.09717314487632508,20.214285714285715,Leo Tolstoy
4.602409638554217,0.4979919678714859,0.10638297872340426,26.857142857142858,Leo Tolstoy
4.68389662027833,0.49105367793240556,0.09302325581395349,27.95,Leo Tolstoy
4.477317554240631,0.47731755424063116,0.08833922261484099,33.294117647058826,Leo Tolstoy
4.384615384615385,0.4891518737672584,0.08185053380782918,35.125,Leo Tolstoy
4.4990099009900995,0.500990099009901,0.10350877192982456,33.529411764705884,Leo Tolstoy
4.542406311637081,0.49506903353057197,0.16666666666666666,17.35135135135135,Leo Tolstoy
4.546184738955823,0.5,0.16352201257861634,19.272727272727273,Leo Tolstoy
4.394422310756972,0.45219123505976094,0.1256198347107438,17.794117647058822,Leo Tolstoy
4.367588932806324,0.47035573122529645,0.12437810945273632,25.125,Leo Tolstoy
4.073122529644269,0.4881422924901186,0.14677419354838708,16.756756756756758,Leo Tolstoy
4.180746561886051,0.481335952848723,0.19788519637462235,16.55,Leo Tolstoy
4.426294820717131,0.43824701195219123,0.09123434704830054,22.36,Leo Tolstoy
4.200787401574803,0.46653543307086615,0.14871016691957512,16.897435897435898,Leo Tolstoy
4.585798816568047,0.47337278106508873,0.10367892976588629,46.0,Leo Tolstoy
4.394477317554241,0.4536489151873767,0.09947643979057591,28.65,Leo Tolstoy
4.396449704142012,0.4990138067061144,0.08495575221238938,22.6,Leo Tolstoy
4.05078125,0.44921875,0.14946070878274267,19.666666666666668,Leo Tolstoy
4.16600790513834,0.43478260869565216,0.11794019933554817,20.066666666666666,Leo Tolstoy
4.242063492063492,0.4742063492063492,0.11764705882352941,23.8,Leo Tolstoy
4.322834645669292,0.48031496062992124,0.11993243243243243,15.578947368421053,Leo Tolstoy
4.329388560157791,0.5069033530571992,0.12274959083469722,19.70967741935484,Leo Tolstoy
4.323353293413174,0.47105788423153694,0.09236234458259325,25.59090909090909,Leo Tolstoy
4.444223107569721,0.47808764940239046,0.11912751677852348,31.36842105263158,Leo Tolstoy
4.274900398406374,0.4541832669322709,0.13582342954159593,22.653846153846153,Leo Tolstoy
4.394477317554241,0.48717948717948717,0.13804173354735153,23.96153846153846,Leo Tolstoy
4.306,0.496,0.09734513274336283,24.565217391304348,Leo Tolstoy
4.433399602385686,0.46322067594433397,0.0780399274047187,29.0,Leo Tolstoy
4.201195219123506,0.5298804780876494,0.20186335403726707,17.88888888888889,Leo Tolstoy
4.174950298210735,0.510934393638171,0.14192495921696574,23.576923076923077,Leo Tolstoy
4.213147410358566,0.47410358565737054,0.132569558101473,20.366666666666667,Leo Tolstoy
4.4188376753507015,0.5170340681362725,0.10714285714285714,25.454545454545453,Leo Tolstoy
4.276134122287968,0.45759368836291914,0.14037854889589904,18.114285714285714,Leo Tolstoy
4.475806451612903,0.4879032258064516,0.12106135986733002,20.79310344827586,Leo Tolstoy
4.728542914171657,0.5129740518962076,0.10996563573883161,27.714285714285715,Leo Tolstoy
4.476,0.498,0.10634648370497427,27.761904761904763,Leo Tolstoy
4.900199600798403,0.5588822355289421,0.12131147540983607,26.52173913043478,Leo Tolstoy
4.570588235294117,0.5098039215686274,0.09612141652613827,21.178571428571427,Leo Tolstoy
4.632411067193676,0.48221343873517786,0.0897887323943662,28.4,Leo Tolstoy
4.591463414634147,0.491869918699187,0.1507537688442211,25.956521739130434,Leo Tolstoy
4.413654618473895,0.536144578313253,0.13036303630363036,43.285714285714285,Leo Tolstoy
4.634387351778656,0.5138339920948617,0.08818342151675485,35.4375,Leo Tolstoy
4.453280318091451,0.4970178926441352,0.10035211267605634,51.63636363636363,Leo Tolstoy
4.56188605108055,0.4911591355599214,0.1097972972972973,31.157894736842106,Leo Tolstoy
4.655378486055777,0.48804780876494025,0.10726643598615918,36.125,Leo Tolstoy
4.446640316205533,0.4881422924901186,0.15348101265822786,22.571428571428573,Leo Tolstoy
4.074363992172211,0.45401174168297453,0.15007656967840735,29.681818181818183,Leo Tolstoy
4.248046875,0.46875,0.13344316309719934,21.678571428571427,Leo Tolstoy
4.488188976377953,0.4881889763779528,0.09391304347826086,35.9375,Leo Tolstoy
4.591715976331361,0.4812623274161736,0.11794871794871795,30.789473684210527,Leo Tolstoy
4.403162055335969,0.4624505928853755,0.1,35.625,Leo Tolstoy
4.50499001996008,0.500998003992016,0.11703958691910499,27.666666666666668,Leo Tolstoy
4.313492063492063,0.47023809523809523,0.11855670103092783,22.384615384615383,Leo Tolstoy
4.17948717948718,0.48717948717948717,0.10623946037099494,26.954545454545453,Leo Tolstoy
4.534930139720559,0.46107784431137727,0.0807899461400359,30.944444444444443,Leo Tolstoy
4.457085828343313,0.4810379241516966,0.12521739130434784,19.82758620689655,Leo Tolstoy
4.335305719921105,0.4516765285996055,0.13162118780096307,23.96153846153846,Leo Tolstoy
4.6138613861386135,0.5108910891089109,0.09807355516637478,30.05263157894737,Leo Tolstoy
4.295634920634921,0.42857142857142855,0.10175438596491228,21.923076923076923,Leo Tolstoy
4.372509960159363,0.4581673306772908,0.07985480943738657,30.61111111111111,Leo Tolstoy
4.283730158730159,0.4722222222222222,0.12457912457912458,25.82608695652174,Leo Tolstoy
4.392857142857143,0.4444444444444444,0.11784511784511785,19.8,Leo Tolstoy
4.354455445544555,0.5108910891089109,0.10571923743500866,21.37037037037037,Leo Tolstoy
4.408817635270541,0.48096192384769537,0.12173913043478261,19.82758620689655,Leo Tolstoy
4.400801603206413,0.4909819639278557,0.0972972972972973,19.821428571428573,Leo Tolstoy
4.432270916334661,0.450199203187251,0.10196779964221825,25.40909090909091,Leo Tolstoy
4.211045364891519,0.4970414201183432,0.13398692810457516,27.818181818181817,Leo Tolstoy
3.902970297029703,0.44752475247524753,0.16272189349112426,17.333333333333332,Leo Tolstoy
3.8671875,0.474609375,0.16515151515151516,22.0,Leo Tolstoy
4.441814595660749,0.5285996055226825,0.12520593080724876,26.391304347826086,Leo Tolstoy
4.347140039447732,0.4970414201183432,0.10580204778156997,36.625,Leo Tolstoy
4.333333333333333,0.4642857142857143,0.109375,27.428571428571427,Leo Tolstoy
4.555335968379446,0.4683794466403162,0.09540636042402827,29.789473684210527,Leo Tolstoy
4.275653923541247,0.4688128772635815,0.13333333333333333,23.653846153846153,Leo Tolstoy
4.261296660117878,0.46954813359528486,0.10472972972972973,28.19047619047619,Leo Tolstoy
4.308300395256917,0.44861660079051385,0.1377049180327869,21.03448275862069,Leo Tolstoy
4.28,0.474,0.1226890756302521,23.8,Leo Tolstoy
4.239043824701195,0.448207171314741,0.12769485903814262,22.333333333333332,Leo Tolstoy
4.419607843137255,0.48627450980392156,0.128500823723229,21.678571428571427,Leo Tolstoy
4.502982107355865,0.4850894632206759,0.10645724258289703,23.875,Leo Tolstoy
4.086,0.478,0.13810316139767054,19.387096774193548,Leo Tolstoy
4.328031809145129,0.4433399602385686,0.132996632996633,15.631578947368421,Leo Tolstoy
4.287698412698413,0.42658730158730157,0.11149825783972125,22.96,Leo Tolstoy
4.3841584158415845,0.4396039603960396,0.061930783242258654,49.90909090909091,Leo Tolstoy
4.657370517928287,0.4302788844621514,0.08211678832116788,28.842105263157894,Leo Tolstoy
4.664,0.444,0.08743169398907104,45.75,Leo Tolstoy
4.607495069033531,0.47928994082840237,0.08900523560209424,35.8125,Leo Tolstoy
4.427165354330708,0.46062992125984253,0.0979020979020979,33.64705882352941,Leo Tolstoy
4.610778443113772,0.4870259481037924,0.0933572710951526,30.944444444444443,Leo Tolstoy
4.489278752436647,0.47173489278752434,0.1069078947368421,25.333333333333332,Leo Tolstoy
4.262230919765166,0.5107632093933464,0.11658456486042693,21.75,Leo Tolstoy
4.437375745526839,0.5308151093439364,0.12478632478632479,22.5,Leo Tolstoy
4.514112903225806,0.5100806451612904,0.12062937062937062,27.238095238095237,Leo Tolstoy
4.566265060240964,0.5120481927710844,0.15081967213114755,23.46153846153846,Leo Tolstoy
4.526732673267326,0.5227722772277228,0.11864406779661017,29.5,Leo Tolstoy
4.534516765285996,0.5404339250493096,0.09621993127147767,34.23529411764706,Leo Tolstoy
4.624505928853755,0.48221343873517786,0.109375,38.4,Leo Tolstoy
4.504970178926441,0.4691848906560636,0.08633093525179857,30.88888888888889,Leo Tolstoy
4.871485943775101,0.5080321285140562,0.09454545454545454,23.91304347826087,Leo Tolstoy
4.739837398373984,0.5060975609756098,0.11900532859680284,26.80952380952381,Leo Tolstoy
4.685258964143427,0.5438247011952191,0.09824561403508772,35.625,Leo Tolstoy
4.754980079681275,0.5139442231075697,0.09330985915492958,29.894736842105264,Leo Tolstoy
4.684738955823293,0.5200803212851406,0.10314685314685315,33.64705882352941,Leo Tolstoy
4.263888888888889,0.5396825396825397,0.10350877192982456,28.5,Leo Tolstoy
4.375249500998004,0.4870259481037924,0.12919463087248323,23.84,Leo Tolstoy
4.406813627254509,0.4909819639278557,0.14545454545454545,24.2,Leo Tolstoy
4.393280632411067,0.49604743083003955,0.10851419031719532,27.227272727272727,Leo Tolstoy
4.525193798449612,0.45930232558139533,0.08261617900172118,41.5,Leo Tolstoy
4.510934393638171,0.536779324055666,0.11744386873920552,30.473684210526315,Leo Tolstoy
4.348514851485149,0.43564356435643564,0.14614121510673234,20.3,Leo Tolstoy
4.259920634920635,0.4642857142857143,0.1419031719532554,23.03846153846154,Leo Tolstoy
4.514734774066798,0.4950884086444008,0.16225165562913907,18.875,Leo Tolstoy
4.580392156862745,0.5294117647058824,0.13468013468013468,28.285714285714285,Leo Tolstoy
4.52,0.484,0.08241758241758242,22.75,Leo Tolstoy
4.538,0.532,0.12413793103448276,20.714285714285715,Leo Tolstoy
4.589285714285714,0.4801587301587302,0.06569343065693431,34.25,Leo Tolstoy
4.52465483234714,0.46942800788954636,0.1248,17.857142857142858,Leo Tolstoy
4.497017892644135,0.5168986083499006,0.11428571428571428,21.25,Leo Tolstoy
4.485089463220676,0.5228628230616302,0.11418685121107267,23.12,Leo Tolstoy
4.629411764705883,0.47058823529411764,0.08362369337979095,26.09090909090909,Leo Tolstoy
4.587301587301587,0.5198412698412699,0.1301482701812191,21.678571428571427,Leo Tolstoy
4.49,0.482,0.0967741935483871,29.36842105263158,Leo Tolstoy
4.642147117296223,0.4850894632206759,0.0812274368231047,30.77777777777778,Leo Tolstoy
4.508946322067595,0.5069582504970179,0.10683012259194395,40.785714285714285,Leo Tolstoy
4.425149700598802,0.4590818363273453,0.09123434704830054,32.88235294117647,Leo Tolstoy
4.481188118811882,0.46534653465346537,0.07065217391304347,55.2,Leo Tolstoy
4.731462925851703,0.4749498997995992,0.09769094138543517,24.47826086956522,Leo Tolstoy
4.93574297188755,0.5301204819277109,0.10701754385964912,31.666666666666668,Leo Tolstoy
4.841897233201581,0.4901185770750988,0.09632224168126094,27.19047619047619,Leo Tolstoy
4.381709741550696,0.47514910536779326,0.08273381294964029,29.263157894736842,Leo Tolstoy
4.259557344064386,0.48893360160965793,0.1254355400696864,27.333333333333332,Leo Tolstoy
4.409356725146199,0.5126705653021443,0.12480499219968799,21.366666666666667,Leo Tolstoy
4.300198807157058,0.5029821073558648,0.13179571663920922,26.391304347826086,Leo Tolstoy
4.227897838899803,0.47544204322200395,0.14018691588785046,19.454545454545453,Leo Tolstoy
4.264705882352941,0.5019607843137255,0.10338983050847457,32.77777777777778,Leo Tolstoy
4.2504930966469425,0.5128205128205128,0.13428120063191154,20.419354838709676,Leo Tolstoy
4.021235521235521,0.47297297297297297,0.1348148148148148,21.774193548387096,Leo Tolstoy
4.319361277445109,0.47105788423153694,0.08152173913043478,32.470588235294116,Leo Tolstoy
3.9961165048543688,0.46990291262135925,0.1794871794871795,16.170731707317074,Leo Tolstoy
4.156,0.478,0.17339312406576982,17.605263157894736,Leo Tolstoy
4.054368932038835,0.4796116504854369,0.1324200913242009,22.655172413793103,Leo Tolstoy
4.122047244094488,0.5137795275590551,0.14330218068535824,17.833333333333332,Leo Tolstoy
4.34412955465587,0.5,0.15151515151515152,26.125,Leo Tolstoy
4.5968063872255485,0.48502994011976047,0.10998307952622674,20.379310344827587,Leo Tolstoy
4.167322834645669,0.4881889763779528,0.14814814814814814,17.513513513513512,Leo Tolstoy
4.02755905511811,0.452755905511811,0.13174603174603175,21.0,Leo Tolstoy
4.381139489194499,0.4518664047151277,0.14492753623188406,18.264705882352942,Leo Tolstoy
4.559288537549407,0.5138339920948617,0.13464696223316913,17.4,Leo Tolstoy
4.502,0.452,0.13402061855670103,17.636363636363637,Leo Tolstoy
4.724409448818897,0.49606299212598426,0.10998307952622674,24.625,Leo Tolstoy
4.510934393638171,0.4850894632206759,0.08303249097472924,32.588235294117645,Leo Tolstoy
4.31,0.494,0.0918918918918919,34.6875,Leo Tolstoy
4.270750988142293,0.5158102766798419,0.10921501706484642,25.47826086956522,Leo Tolstoy
3.855731225296443,0.43478260869565216,0.14418604651162792,22.24137931034483,Leo Tolstoy
4.413861386138614,0.497029702970297,0.10374149659863946,17.818181818181817,Leo Tolstoy
4.433663366336634,0.48118811881188117,0.11467116357504216,18.53125,Leo Tolstoy
4.3801980198019805,0.5207920792079208,0.1299342105263158,20.266666666666666,Leo Tolstoy
4.676706827309237,0.5401606425702812,0.10683012259194395,31.72222222222222,Leo Tolstoy
4.560157790927022,0.52465483234714,0.0975609756097561,31.88888888888889,Leo Tolstoy
4.514677103718199,0.46771037181996084,0.10409556313993173,30.842105263157894,Leo Tolstoy
4.533199195171026,0.4969818913480885,0.12195121951219512,32.36842105263158,Leo Tolstoy
4.667992047713717,0.4274353876739563,0.09786476868327403,35.125,Leo Tolstoy
4.637450199203188,0.4701195219123506,0.08499095840867993,36.86666666666667,Leo Tolstoy
4.5009900990099005,0.47128712871287126,0.0797872340425532,47.0,Leo Tolstoy
4.623246492985972,0.5410821643286573,0.08378870673952642,32.294117647058826,Leo Tolstoy
4.677290836653387,0.50199203187251,0.0695970695970696,28.736842105263158,Leo Tolstoy
4.297029702970297,0.497029702970297,0.1001727115716753,22.26923076923077,Leo Tolstoy
4.272908366533865,0.4362549800796813,0.1505922165820643,19.7,Leo Tolstoy
4.376218323586745,0.4580896686159844,0.1892744479495268,19.21212121212121,Leo Tolstoy
4.349019607843137,0.49607843137254903,0.10051107325383304,20.964285714285715,Leo Tolstoy
4.455268389662028,0.4691848906560636,0.13157894736842105,18.424242424242426,Leo Tolstoy
4.5239043824701195,0.5239043824701195,0.08348457350272233,32.411764705882355,Leo Tolstoy
4.6463654223968565,0.4656188605108055,0.07936507936507936,35.4375,Leo Tolstoy
4.686626746506986,0.499001996007984,0.09982486865148861,40.785714285714285,Leo Tolstoy
4.776,0.49,0.09739130434782609,35.9375,Leo Tolstoy
4.596456692913386,0.46653543307086615,0.09310344827586207,41.42857142857143,Leo Tolstoy
4.500986193293886,0.5029585798816568,0.07871198568872988,29.42105263157895,Leo Tolstoy
4.553571428571429,0.46825396825396826,0.11973018549747048,19.766666666666666,Leo Tolstoy
4.485207100591716,0.5581854043392505,0.10085470085470086,23.4,Leo Tolstoy
4.272365805168986,0.48906560636182905,0.16639741518578352,19.967741935483872,Leo Tolstoy
4.495029821073559,0.5308151093439364,0.10380622837370242,25.130434782608695,Leo Tolstoy
3.943579766536965,0.4961089494163424,0.1485884101040119,26.92,Leo Tolstoy
3.810546875,0.46484375,0.13313609467455623,21.125,Leo Tolstoy
4.326086956521739,0.4624505928853755,0.116751269035533,20.379310344827587,Leo Tolstoy
4.193939393939394,0.5414141414141415,0.2054794520547945,17.289473684210527,Leo Tolstoy
4.573099415204679,0.49317738791423,0.06713780918727916,31.444444444444443,Leo Tolstoy
4.703777335984095,0.4970178926441352,0.10332749562171628,31.72222222222222,Leo Tolstoy
4.351297405189621,0.45708582834331335,0.08064516129032258,46.5,Leo Tolstoy
4.632936507936508,0.5099206349206349,0.0979020979020979,31.77777777777778,Leo Tolstoy
4.656746031746032,0.48412698412698413,0.0784313725490196,31.166666666666668,Leo Tolstoy
4.501984126984127,0.4662698412698413,0.08865248226950355,28.2,Leo Tolstoy
4.203960396039604,0.4495049504950495,0.10652920962199312,30.63157894736842,Leo Tolstoy
4.522954091816367,0.43912175648702595,0.09876543209876543,29.842105263157894,Leo Tolstoy
4.3629191321499015,0.48520710059171596,0.09581881533101046,38.266666666666666,Leo Tolstoy
4.510934393638171,0.46520874751491054,0.11320754716981132,29.15,Leo Tolstoy
4.4891089108910895,0.4772277227722772,0.08377896613190731,25.5,Leo Tolstoy
4.617647058823529,0.5098039215686274,0.08202443280977312,33.705882352941174,Leo Tolstoy
4.890438247011952,0.44621513944223107,0.1206896551724138,29.0,Leo Tolstoy
4.602766798418973,0.5276679841897233,0.1022530329289428,22.192307692307693,Leo Tolstoy
4.186,0.468,0.10362694300518134,24.125,Leo Tolstoy
4.312992125984252,0.41141732283464566,0.1045531197301855,25.782608695652176,Leo Tolstoy
4.261296660117878,0.48330058939096265,0.15079365079365079,19.6875,Leo Tolstoy
4.304347826086956,0.5118577075098815,0.0981067125645439,22.346153846153847,Leo Tolstoy
4.416334661354582,0.49800796812749004,0.11986863711001643,22.555555555555557,Leo Tolstoy
4.485265225933202,0.481335952848723,0.1180327868852459,29.047619047619047,Leo Tolstoy
4.3063241106719365,0.4901185770750988,0.1111111111111111,21.535714285714285,Leo Tolstoy
4.071570576540755,0.43737574552683894,0.15203761755485892,18.764705882352942,Leo Tolstoy
4.165009940357853,0.43141153081510936,0.1413373860182371,19.939393939393938,Leo Tolstoy
4.283730158730159,0.47023809523809523,0.11564625850340136,21.0,Leo Tolstoy
3.861932938856016,0.38461538461538464,0.16587677725118483,16.23076923076923,Leo Tolstoy
3.9703557312252964,0.41106719367588934,0.1640625,18.823529411764707,Leo Tolstoy
4.434782608695652,0.46047430830039526,0.08333333333333333,31.333333333333332,Leo Tolstoy
4.300990099009901,0.4514851485148515,0.11222780569514237,19.9,Leo Tolstoy
4.682186234817814,0.520242914979757,0.12864493996569468,24.291666666666668,Leo Tolstoy
4.567729083665339,0.4541832669322709,0.09683098591549295,51.63636363636363,Leo Tolstoy
4.5810276679841895,0.4367588932806324,0.0873440285204991,26.714285714285715,Leo Tolstoy
4.505952380952381,0.42658730158730157,0.06629834254143646,54.3,Leo Tolstoy
4.826,0.502,0.09717314487632508,31.444444444444443,Leo Tolstoy
4.557312252964427,0.5039525691699605,0.10745233968804159,32.05555555555556,Leo Tolstoy
4.663306451612903,0.4939516129032258,0.09269162210338681,28.05,Leo Tolstoy
4.5239043824701195,0.49203187250996017,0.08648648648648649,19.821428571428573,Leo Tolstoy
4.3373253493013975,0.48502994011976047,0.0962566844919786,31.166666666666668,Leo Tolstoy
4.359528487229863,0.5009823182711198,0.0986159169550173,26.272727272727273,Leo Tolstoy
4.568588469184891,0.5009940357852882,0.08468468468468468,30.833333333333332,Leo Tolstoy
4.381709741550696,0.47713717693836977,0.0920353982300885,24.565217391304348,Leo Tolstoy
4.039761431411531,0.4572564612326044,0.12135922330097088,25.75,Leo Tolstoy
4.298597194388778,0.48296593186372744,0.12162162162162163,25.73913043478261,Leo Tolstoy
4.160714285714286,0.4662698412698413,0.1856925418569254,19.323529411764707,Leo Tolstoy
4.534791252485089,0.5228628230616302,0.10193321616871705,33.470588235294116,Leo Tolstoy
4.383233532934132,0.4870259481037924,0.0855614973262032,43.15384615384615,Leo Tolstoy
4.24015748031496,0.5098425196850394,0.1116751269035533,26.863636363636363,Leo Tolstoy
4.176587301587301,0.49404761904761907,0.1256198347107438,22.40740740740741,Leo Tolstoy
4.2976190476190474,0.47023809523809523,0.1013745704467354,24.25,Leo Tolstoy
4.607920792079208,0.5188118811881188,0.1103448275862069,32.22222222222222,Leo Tolstoy
4.318181818181818,0.4743083003952569,0.10623946037099494,23.72,Leo Tolstoy
4.355864811133201,0.4532803180914513,0.14355628058727568,22.703703703703702,Leo Tolstoy
3.8219178082191783,0.44227005870841485,0.17069486404833836,16.55,Leo Tolstoy
4.289156626506024,0.4979919678714859,0.11398963730569948,23.16,Leo Tolstoy
4.487229862475442,0.44793713163064836,0.07746478873239436,37.86666666666667,Leo Tolstoy
4.356435643564357,0.3920792079207921,0.08765652951699464,39.92857142857143,Leo Tolstoy
4.334630350194552,0.4688715953307393,0.09106529209621993,34.23529411764706,Leo Tolstoy
4.663385826771654,0.49015748031496065,0.08626760563380281,31.555555555555557,Leo Tolstoy
4.1682974559686885,0.47162426614481406,0.12745098039215685,22.666666666666668,Leo Tolstoy
4.111328125,0.48046875,0.1643835616438356,19.90909090909091,Leo Tolstoy
4.440711462450593,0.4505928853754941,0.09947643979057591,38.2,Leo Tolstoy
4.362376237623763,0.4910891089108911,0.10327022375215146,24.208333333333332,Leo Tolstoy
4.257936507936508,0.5297619047619048,0.12374581939799331,22.14814814814815,Leo Tolstoy
4.31163708086785,0.45759368836291914,0.10256410256410256,32.5,Leo Tolstoy
4.503968253968254,0.49206349206349204,0.10278745644599303,38.266666666666666,Leo Tolstoy
4.4450980392156865,0.4647058823529412,0.14732142857142858,21.677419354838708,Leo Tolstoy
4.5325443786982245,0.5384615384615384,0.1360655737704918,23.46153846153846,Leo Tolstoy
4.566,0.522,0.13665594855305466,22.214285714285715,Leo Tolstoy
4.33794466403162,0.5039525691699605,0.11423841059602649,27.454545454545453,Leo Tolstoy
4.335968379446641,0.5197628458498024,0.14285714285714285,22.0,Leo Tolstoy
4.319277108433735,0.4859437751004016,0.11015490533562823,17.606060606060606,Leo Tolstoy
4.195694716242661,0.45792563600782776,0.13578274760383385,27.217391304347824,Leo Tolstoy
3.916,0.44,0.10291595197255575,24.291666666666668,Leo Tolstoy
4.461538461538462,0.4714003944773176,0.10517241379310345,30.526315789473685,Leo Tolstoy
4.288537549407114,0.466403162055336,0.12824675324675325,23.692307692307693,Leo Tolstoy
4.113502935420744,0.44227005870841485,0.15765765765765766,18.0,Leo Tolstoy
4.196,0.524,0.1360655737704918,17.428571428571427,Leo Tolstoy
4.461232604373757,0.46322067594433397,0.12542372881355932,15.945945945945946,Leo Tolstoy
4.889558232931727,0.4939759036144578,0.13036020583190394,32.388888888888886,Leo Tolstoy
4.5648702594810375,0.4750499001996008,0.10106382978723404,23.5,Leo Tolstoy
4.749498997995992,0.48296593186372744,0.1001788908765653,31.055555555555557,Leo Tolstoy
4.644268774703558,0.3794466403162055,0.08947368421052632,28.5,Leo Tolstoy
5.0137795275590555,0.41141732283464566,0.0976027397260274,41.714285714285715,Leo Tolstoy
5.02970297029703,0.46534653465346537,0.08880994671403197,62.55555555555556,Leo Tolstoy
4.614770459081837,0.3972055888223553,0.08499095840867993,29.105263157894736,Leo Tolstoy
4.6158415841584155,0.43366336633663366,0.07387387387387387,42.69230769230769,Leo Tolstoy
4.515810276679842,0.4505928853754941,0.07913669064748201,37.06666666666667,Leo Tolstoy
4.918811881188119,0.4079207920792079,0.08611599297012303,47.416666666666664,Leo Tolstoy
4.819253438113949,0.4538310412573674,0.10499139414802065,36.3125,Leo Tolstoy
4.867326732673267,0.4198019801980198,0.11091854419410745,41.214285714285715,Leo Tolstoy
4.6217821782178214,0.4376237623762376,0.07441016333938294,32.411764705882355,Leo Tolstoy
4.6546906187624755,0.405189620758483,0.08228980322003578,29.42105263157895,Leo Tolstoy
4.568047337278107,0.40236686390532544,0.08641975308641975,37.8,Leo Tolstoy
4.685148514851485,0.403960396039604,0.0812274368231047,39.57142857142857,Leo Tolstoy
4.636182902584493,0.40755467196819084,0.08944543828264759,37.266666666666666,Leo Tolstoy
4.550898203592815,0.4291417165668663,0.07208872458410351,31.823529411764707,Leo Tolstoy
4.746031746031746,0.44841269841269843,0.09123434704830054,27.95,Leo Tolstoy
4.579681274900398,0.41832669322709165,0.09236234458259325,29.63157894736842,Leo Tolstoy
4.458661417322834,0.421259842519685,0.1012216404886562,26.045454545454547,Leo Tolstoy
4.617063492063492,0.4007936507936508,0.099644128113879,29.57894736842105,Leo Tolstoy
4.587301587301587,0.39880952380952384,0.08407871198568873,26.61904761904762,Leo Tolstoy
4.790927021696253,0.4181459566074951,0.08392857142857142,46.666666666666664,Leo Tolstoy
4.659362549800797,0.3844621513944223,0.07495429616087751,39.07142857142857,Leo Tolstoy
4.358974358974359,0.3865877712031558,0.07194244604316546,37.06666666666667,Leo Tolstoy
4.570576540755467,0.43538767395626243,0.07818181818181819,34.375,Leo Tolstoy
4.647410358565737,0.4103585657370518,0.07650273224043716,42.23076923076923,Leo Tolstoy
4.206,0.366,0.09156193895870736,26.523809523809526,Leo Tolstoy
4.539840637450199,0.3565737051792829,0.0941385435168739,40.214285714285715,Leo Tolstoy
4.54690618762475,0.34930139720558884,0.12157534246575342,24.333333333333332,Leo Tolstoy
4.424603174603175,0.3055555555555556,0.0944741532976827,35.0625,Leo Tolstoy
4.648809523809524,0.4126984126984127,0.09269162210338681,33.0,Leo Tolstoy
4.736526946107785,0.4411177644710579,0.08394160583941605,34.25,Leo Tolstoy
4.569444444444445,0.3958333333333333,0.09230769230769231,65.0,Leo Tolstoy
4.532388663967612,0.4939271255060729,0.1875,16.41025641025641,Bram Stoker
4.168016194331984,0.4979757085020243,0.12099644128113879,33.05882352941177,Bram Stoker
4.327935222672065,0.5445344129554656,0.14482758620689656,27.61904761904762,Bram Stoker
3.8484848484848486,0.43434343434343436,0.12931034482758622,23.2,Bram Stoker
3.8884462151394423,0.49800796812749004,0.16612377850162866,32.31578947368421,Bram Stoker
4.211693548387097,0.532258064516129,0.12234042553191489,35.25,Bram Stoker
4.382293762575452,0.49295774647887325,0.1413793103448276,38.666666666666664,Bram Stoker
4.247011952191235,0.50199203187251,0.11672473867595819,28.7,Bram Stoker
3.957317073170732,0.4817073170731707,0.15100671140939598,33.111111111111114,Bram Stoker
4.107569721115538,0.4820717131474104,0.12937062937062938,33.64705882352941,Bram Stoker
4.243027888446215,0.46613545816733065,0.12412587412587413,28.6,Bram Stoker
4.2044088176352705,0.5170340681362725,0.11270125223613596,29.42105263157895,Bram Stoker
4.085657370517929,0.49203187250996017,0.1001788908765653,20.703703703703702,Bram Stoker
4.110220440881764,0.48897795591182364,0.16220735785953178,35.1764705882353,Bram Stoker
4.070140280561122,0.5110220440881763,0.13126079447322972,28.95,Bram Stoker
3.860323886639676,0.5060728744939271,0.17478991596638654,24.791666666666668,Bram Stoker
4.0939334637964775,0.48532289628180036,0.13781512605042018,28.333333333333332,Bram Stoker
3.710526315789474,0.4008097165991903,0.15901639344262294,30.5,Bram Stoker
4.021956087824352,0.47704590818363274,0.1273344651952462,39.266666666666666,Bram Stoker
3.9517102615694166,0.4869215291750503,0.1381692573402418,30.473684210526315,Bram Stoker
4.014028056112225,0.5190380761523046,0.12758620689655173,23.2,Bram Stoker
3.704225352112676,0.44668008048289737,0.1386481802426343,25.08695652173913,Bram Stoker
4.014056224899599,0.4779116465863454,0.12041884816753927,20.464285714285715,Bram Stoker
3.7729083665338647,0.4362549800796813,0.11524822695035461,26.857142857142858,Bram Stoker
4.085365853658536,0.4817073170731707,0.13986013986013987,28.6,Bram Stoker
4.169014084507042,0.5050301810865191,0.15254237288135594,29.5,Bram Stoker
4.098393574297189,0.4397590361445783,0.11785095320623917,44.38461538461539,Bram Stoker
3.8870967741935485,0.4375,0.1362862010221465,39.13333333333333,Bram Stoker
3.9918533604887982,0.505091649694501,0.16123499142367068,24.291666666666668,Bram Stoker
4.024193548387097,0.48185483870967744,0.13274336283185842,25.681818181818183,Bram Stoker
4.112,0.466,0.10854092526690391,31.22222222222222,Bram Stoker
3.942857142857143,0.5040816326530613,0.1423611111111111,23.04,Bram Stoker
4.168,0.5,0.13917525773195877,25.304347826086957,Bram Stoker
3.9820359281437128,0.45708582834331335,0.12953367875647667,25.17391304347826,Bram Stoker
3.8737270875763747,0.4663951120162933,0.15008726003490402,20.464285714285715,Bram Stoker
4.158333333333333,0.5,0.15302491103202848,25.545454545454547,Bram Stoker
3.833675564681725,0.46406570841889117,0.19699499165275458,23.03846153846154,Bram Stoker
4.101030927835051,0.49690721649484537,0.16464471403812825,26.227272727272727,Bram Stoker
4.131212723658051,0.4870775347912525,0.11052631578947368,24.782608695652176,Bram Stoker
3.9634146341463414,0.4715447154471545,0.14035087719298245,18.387096774193548,Bram Stoker
3.903225806451613,0.48588709677419356,0.15843270868824533,21.74074074074074,Bram Stoker
3.913306451612903,0.47580645161290325,0.15924657534246575,29.2,Bram Stoker
3.9529652351738243,0.49693251533742333,0.1605351170568562,24.916666666666668,Bram Stoker
3.7775510204081635,0.463265306122449,0.1563573883161512,17.11764705882353,Bram Stoker
3.9819277108433737,0.4859437751004016,0.12280701754385964,22.8,Bram Stoker
3.94,0.474,0.09566787003610108,24.08695652173913,Bram Stoker
3.9715447154471546,0.4695121951219512,0.18120805369127516,15.68421052631579,Bram Stoker
3.633946830265849,0.4498977505112474,0.17346938775510204,15.891891891891891,Bram Stoker
3.782520325203252,0.4532520325203252,0.18668831168831168,17.6,Bram Stoker
3.656686626746507,0.46107784431137727,0.14188034188034188,30.789473684210527,Bram Stoker
3.600790513833992,0.46047430830039526,0.1281618887015177,37.0625,Bram Stoker
3.4545454545454546,0.4431818181818182,0.16920731707317074,31.238095238095237,Bram Stoker
4.024844720496894,0.5113871635610766,0.20202020202020202,22.846153846153847,Bram Stoker
3.9898580121703855,0.49898580121703856,0.1413793103448276,24.166666666666668,Bram Stoker
3.7695390781563125,0.4749498997995992,0.13468013468013468,27.0,Bram Stoker
3.746,0.502,0.13008130081300814,25.625,Bram Stoker
3.8816326530612244,0.4816326530612245,0.15151515151515152,28.5,Bram Stoker
3.787109375,0.462890625,0.1310452418096724,32.05,Bram Stoker
3.75152749490835,0.5234215885947047,0.15656565656565657,17.470588235294116,Bram Stoker
3.9419087136929463,0.45643153526970953,0.18771331058020477,25.47826086956522,Bram Stoker
3.9488272921108742,0.44349680170575695,0.19655172413793104,25.217391304347824,Bram Stoker
3.912350597609562,0.4721115537848606,0.14285714285714285,20.03448275862069,Bram Stoker
3.872689938398357,0.47638603696098564,0.1617391304347826,23.0,Bram Stoker
3.633663366336634,0.49306930693069306,0.15121951219512195,27.954545454545453,Bram Stoker
3.9215686274509802,0.5235294117647059,0.15015479876160992,23.071428571428573,Bram Stoker
4.370672097759674,0.5336048879837068,0.1226252158894646,38.6,Bram Stoker
4.357575757575757,0.5151515151515151,0.10526315789473684,36.733333333333334,Bram Stoker
4.265720081135902,0.5111561866125761,0.1369150779896014,41.214285714285715,Bram Stoker
4.256,0.5,0.1168141592920354,33.23529411764706,Bram Stoker
4.386694386694387,0.5218295218295218,0.16958041958041958,30.105263157894736,Bram Stoker
4.445454545454545,0.5659090909090909,0.23539518900343642,16.62857142857143,Bram Stoker
4.148148148148148,0.5098039215686274,0.2504201680672269,14.875,Bram Stoker
3.675564681724846,0.48459958932238195,0.17696160267111852,16.63888888888889,Bram Stoker
3.609406952965235,0.45807770961145194,0.1996615905245347,21.88888888888889,Bram Stoker
3.9362139917695473,0.49794238683127573,0.1555944055944056,24.869565217391305,Bram Stoker
3.856,0.484,0.12147887323943662,23.666666666666668,Bram Stoker
3.8501026694045173,0.5092402464065708,0.1703204047217538,19.129032258064516,Bram Stoker
3.8329979879275653,0.45271629778672035,0.1314878892733564,22.23076923076923,Bram Stoker
3.8937875751503004,0.4468937875751503,0.12126537785588752,27.095238095238095,Bram Stoker
3.919517102615694,0.4869215291750503,0.166383701188455,26.772727272727273,Bram Stoker
4.014736842105263,0.5052631578947369,0.20648464163822525,20.928571428571427,Bram Stoker
3.9398797595190382,0.4468937875751503,0.1258741258741259,27.238095238095237,Bram Stoker
3.735655737704918,0.48360655737704916,0.15424610051993068,19.896551724137932,Bram Stoker
4.459227467811159,0.5364806866952789,0.20559210526315788,23.384615384615383,Bram Stoker
3.6986027944111775,0.4590818363273453,0.15824915824915825,29.7,Bram Stoker
3.8916155419222904,0.46830265848670755,0.16552901023890784,21.703703703703702,Bram Stoker
4.062374245472837,0.4949698189134809,0.14261744966442952,19.225806451612904,Bram Stoker
3.890466531440162,0.4827586206896552,0.16298811544991512,22.653846153846153,Bram Stoker
3.8125,0.48185483870967744,0.16440677966101694,21.85185185185185,Bram Stoker
3.6432865731462925,0.41282565130260523,0.14013840830449828,32.111111111111114,Bram Stoker
3.7505112474437627,0.44171779141104295,0.15897435897435896,30.789473684210527,Bram Stoker
3.668724279835391,0.44238683127572015,0.19769357495881384,18.96875,Bram Stoker
3.9440993788819876,0.4968944099378882,0.17777777777777778,20.17241379310345,Bram Stoker
3.938775510204082,0.5020408163265306,0.17006802721088435,17.294117647058822,Bram Stoker
3.8316221765913756,0.46406570841889117,0.16891891891891891,24.666666666666668,Bram Stoker
4.002,0.5,0.12152777777777778,30.31578947368421,Bram Stoker
3.8329853862212944,0.46346555323590816,0.18381112984822934,23.72,Bram Stoker
3.7955911823647295,0.4749498997995992,0.13333333333333333,21.666666666666668,Bram Stoker
3.797979797979798,0.46060606060606063,0.1506849315068493,22.46153846153846,Bram Stoker
3.7222222222222223,0.47530864197530864,0.15689655172413794,24.166666666666668,Bram Stoker
4.073221757322176,0.5271966527196653,0.22647527910685805,27.26086956521739,Bram Stoker
3.716867469879518,0.41767068273092367,0.15041322314049588,27.5,Bram Stoker
4.067326732673267,0.5089108910891089,0.12714776632302405,22.384615384615383,Bram Stoker
3.7142857142857144,0.44064386317907445,0.15522875816993464,21.857142857142858,Bram Stoker
3.9241516966067866,0.47904191616766467,0.14309484193011648,17.676470588235293,Bram Stoker
3.872983870967742,0.46169354838709675,0.13833333333333334,22.22222222222222,Bram Stoker
3.8551020408163263,0.46122448979591835,0.17307692307692307,20.8,Bram Stoker
3.816872427983539,0.47530864197530864,0.14659685863874344,22.92,Bram Stoker
3.9392712550607287,0.5161943319838057,0.1766612641815235,18.696969696969695,Bram Stoker
3.9797979797979797,0.5050505050505051,0.15859766277128548,23.03846153846154,Bram Stoker
3.959349593495935,0.5040650406504065,0.165,20.0,Bram Stoker
3.9594320486815415,0.4847870182555781,0.15630252100840336,22.884615384615383,Bram Stoker
3.9938650306748467,0.5173824130879345,0.17470881863560733,21.464285714285715,Bram Stoker
3.89738430583501,0.4909456740442656,0.15307820299500832,20.033333333333335,Bram Stoker
4.1075050709939145,0.513184584178499,0.13126079447322972,23.16,Bram Stoker
3.933467741935484,0.5060483870967742,0.12950819672131147,26.52173913043478,Bram Stoker
3.496031746031746,0.501984126984127,0.12369597615499255,29.17391304347826,Bram Stoker
3.586,0.48,0.12893553223388307,39.23529411764706,Bram Stoker
3.8,0.5294117647058824,0.13496932515337423,38.35294117647059,Bram Stoker
4.069721115537849,0.5139442231075697,0.13590604026845637,23.84,Bram Stoker
3.837782340862423,0.46611909650924027,0.19230769230769232,21.357142857142858,Bram Stoker
4.051792828685259,0.4581673306772908,0.12521739130434784,33.8235294117647,Bram Stoker
3.809145129224652,0.46520874751491054,0.15345699831365936,16.47222222222222,Bram Stoker
3.821285140562249,0.4779116465863454,0.13013698630136986,20.857142857142858,Bram Stoker
3.940119760479042,0.500998003992016,0.14017094017094017,20.17241379310345,Bram Stoker
3.9603174603174605,0.49007936507936506,0.12956810631229235,25.083333333333332,Bram Stoker
3.7944111776447107,0.469061876247505,0.12563667232597622,21.035714285714285,Bram Stoker
3.74,0.45,0.15562913907284767,26.26086956521739,Bram Stoker
3.8489065606361827,0.49502982107355864,0.12828947368421054,26.434782608695652,Bram Stoker
4.254509018036072,0.48897795591182364,0.1314878892733564,23.12,Bram Stoker
3.8961303462321792,0.49287169042769857,0.16498316498316498,24.75,Bram Stoker
3.9479166666666665,0.5,0.16412859560067683,36.9375,Bram Stoker
4.043824701195219,0.4820717131474104,0.10175438596491228,24.782608695652176,Bram Stoker
3.9411764705882355,0.5070993914807302,0.17598684210526316,23.384615384615383,Bram Stoker
3.892857142857143,0.4583333333333333,0.13945578231292516,24.5,Bram Stoker
4.07185628742515,0.4810379241516966,0.13764510779436154,24.12,Bram Stoker
3.9780876494023905,0.4701195219123506,0.15619967793880837,29.571428571428573,Bram Stoker
4.004,0.488,0.16229508196721312,21.785714285714285,Bram Stoker
3.8255578093306286,0.4665314401622718,0.16693944353518822,24.44,Bram Stoker
3.6673306772908365,0.4103585657370518,0.17763157894736842,20.266666666666666,Bram Stoker
4.030364372469635,0.520242914979757,0.1495798319327731,29.75,Bram Stoker
4.266533066132265,0.48096192384769537,0.1373913043478261,28.75,Bram Stoker
3.8,0.478,0.15719063545150502,28.476190476190474,Bram Stoker
3.6535433070866143,0.3858267716535433,0.16561514195583596,31.7,Bram Stoker
3.895049504950495,0.499009900990099,0.1669449081803005,27.227272727272727,Bram Stoker
3.7182539682539684,0.44246031746031744,0.14380165289256197,30.25,Bram Stoker
3.8597560975609757,0.49796747967479676,0.174496644295302,20.551724137931036,Bram Stoker
3.6792828685258963,0.43824701195219123,0.13333333333333333,23.4,Bram Stoker
3.780439121756487,0.46107784431137727,0.16639741518578352,28.136363636363637,Bram Stoker
4.142276422764228,0.5203252032520326,0.1082024432809773,40.92857142857143,Bram Stoker
4.125506072874494,0.5222672064777328,0.1678082191780822,25.391304347826086,Bram Stoker
3.8562628336755647,0.42505133470225875,0.19831932773109243,19.833333333333332,Bram Stoker
3.7409638554216866,0.4457831325301205,0.14974182444061962,23.24,Bram Stoker
3.8424242424242423,0.498989898989899,0.1630971993410214,27.59090909090909,Bram Stoker
3.6076458752515093,0.3963782696177062,0.1553398058252427,24.72,Bram Stoker
3.754,0.41,0.15867768595041323,35.588235294117645,Bram Stoker
3.63,0.392,0.15345699831365936,26.954545454545453,Bram Stoker
3.6666666666666665,0.43037974683544306,0.2019704433497537,30.45,Bram Stoker
3.655241935483871,0.4596774193548387,0.18019480519480519,24.64,Bram Stoker
3.7252525252525253,0.4383838383838384,0.15460526315789475,21.714285714285715,Bram Stoker
3.8942115768463075,0.47305389221556887,0.13725490196078433,26.608695652173914,Bram Stoker
3.9881889763779528,0.4566929133858268,0.15537190082644628,21.607142857142858,Bram Stoker
3.784431137724551,0.46107784431137727,0.11072664359861592,32.111111111111114,Bram Stoker
3.7034068136272547,0.44889779559118237,0.16211878009630817,20.096774193548388,Bram Stoker
3.9026369168356996,0.4787018255578093,0.13752122241086587,25.608695652173914,Bram Stoker
4.281437125748503,0.5349301397205589,0.14502529510961215,23.72,Bram Stoker
3.8363636363636364,0.4707070707070707,0.1503267973856209,23.53846153846154,Bram Stoker
3.9258517034068134,0.4468937875751503,0.1271186440677966,24.583333333333332,Bram Stoker
4.05050505050505,0.5111111111111111,0.155,24.0,Bram Stoker
3.774193548387097,0.43548387096774194,0.1476510067114094,27.09090909090909,Bram Stoker
3.711693548387097,0.43951612903225806,0.12169312169312169,27.0,Bram Stoker
3.8139059304703475,0.45194274028629855,0.1646655231560892,22.423076923076923,Bram Stoker
3.814,0.472,0.15064102564102563,31.2,Bram Stoker
3.6794354838709675,0.4334677419354839,0.17411402157164868,20.93548387096774,Bram Stoker
3.520792079207921,0.43366336633663366,0.15333333333333332,40.0,Bram Stoker
4.066265060240964,0.4799196787148594,0.1476510067114094,20.551724137931036,Bram Stoker
3.9738955823293174,0.4819277108433735,0.13389830508474576,21.85185185185185,Bram Stoker
4.079840319361278,0.5149700598802395,0.137221269296741,27.761904761904763,Bram Stoker
4.0894632206759445,0.5049701789264414,0.16,24.0,Bram Stoker
3.96319018404908,0.46421267893660534,0.1683673469387755,28.0,Bram Stoker
4.049800796812749,0.5179282868525896,0.14814814814814814,34.94117647058823,Bram Stoker
3.726546906187625,0.4411177644710579,0.13412563667232597,34.64705882352941,Bram Stoker
4.026,0.466,0.10196779964221825,24.304347826086957,Bram Stoker
3.7365269461077846,0.44510978043912175,0.15780730897009967,22.296296296296298,Bram Stoker
3.915811088295688,0.4948665297741273,0.17024793388429751,24.2,Bram Stoker
3.8028169014084505,0.4426559356136821,0.1795275590551181,23.51851851851852,Bram Stoker
3.8309859154929575,0.4507042253521127,0.1588628762541806,26.0,Bram Stoker
3.7775551102204408,0.45691382765531063,0.14262023217247097,21.535714285714285,Bram Stoker
3.965587044534413,0.4817813765182186,0.14558058925476602,26.227272727272727,Bram Stoker
4.105476673427992,0.5111561866125761,0.15120274914089346,18.774193548387096,Bram Stoker
4.173038229376258,0.5191146881287726,0.13080895008605853,23.24,Bram Stoker
4.198364008179959,0.49693251533742333,0.1348122866894198,32.55555555555556,Bram Stoker
3.9262295081967213,0.48770491803278687,0.18288590604026847,22.923076923076923,Bram Stoker
3.8058823529411763,0.4745098039215686,0.13367174280879865,26.863636363636363,Bram Stoker
3.6779324055666005,0.4234592445328032,0.13666666666666666,28.571428571428573,Bram Stoker
3.923076923076923,0.4939271255060729,0.155,31.57894736842105,Bram Stoker
4.080246913580247,0.4835390946502058,0.1737012987012987,36.23529411764706,Bram Stoker
3.8725099601593627,0.5,0.15614617940199335,23.153846153846153,Bram Stoker
3.786150712830957,0.45010183299389,0.16363636363636364,31.842105263157894,Bram Stoker
3.839034205231388,0.47283702213279677,0.16498316498316498,27.0,Bram Stoker
3.81437125748503,0.47305389221556887,0.15676567656765678,23.307692307692307,Bram Stoker
4.003937007874016,0.452755905511811,0.16220735785953178,24.916666666666668,Bram Stoker
3.753968253968254,0.45436507936507936,0.14383561643835616,26.545454545454547,Bram Stoker
4.012096774193548,0.4838709677419355,0.141156462585034,28.0,Bram Stoker
3.7024291497975708,0.4777327935222672,0.1404109589041096,36.5,Bram Stoker
3.9673469387755103,0.463265306122449,0.1631321370309951,27.863636363636363,Bram Stoker
4.2565130260521045,0.5150300601202404,0.14821124361158433,30.894736842105264,Bram Stoker
4.056451612903226,0.4879032258064516,0.15619694397283532,29.45,Bram Stoker
3.7936507936507935,0.4523809523809524,0.16282894736842105,22.51851851851852,Bram Stoker
3.7333333333333334,0.4909090909090909,0.13504273504273503,34.411764705882355,Bram Stoker
4.01980198019802,0.5108910891089109,0.15270935960591134,32.05263157894737,Bram Stoker
4.082,0.508,0.10160427807486631,28.05,Bram Stoker
4.254032258064516,0.5100806451612904,0.13217391304347825,26.136363636363637,Bram Stoker
4.303822937625754,0.5130784708249497,0.10215053763440861,27.9,Bram Stoker
3.978,0.518,0.12020905923344948,26.09090909090909,Bram Stoker
3.956701030927835,0.5237113402061856,0.14655172413793102,23.2,Bram Stoker
3.847870182555781,0.4665314401622718,0.13490725126475547,21.962962962962962,Bram Stoker
3.8382642998027614,0.46942800788954636,0.12178387650085763,20.821428571428573,Bram Stoker
3.922,0.462,0.11971830985915492,24.695652173913043,Bram Stoker
3.9057377049180326,0.46311475409836067,0.13427561837455831,26.952380952380953,Bram Stoker
4.092555331991952,0.5070422535211268,0.140625,27.428571428571427,Bram Stoker
3.5343811394891946,0.4793713163064833,0.11793214862681745,26.91304347826087,Bram Stoker
3.844,0.48,0.13665594855305466,28.272727272727273,Bram Stoker
3.634920634920635,0.44841269841269843,0.12139605462822459,36.611111111111114,Bram Stoker
4.3125,0.4717741935483871,0.13494809688581316,27.523809523809526,Bram Stoker
4.048582995951417,0.4939271255060729,0.13666666666666666,28.571428571428573,Bram Stoker
3.946,0.53,0.1531986531986532,23.76,Bram Stoker
3.974308300395257,0.4762845849802372,0.1607717041800643,31.1,Bram Stoker
3.88560157790927,0.46548323471400394,0.13911620294599017,25.458333333333332,Bram Stoker
3.9763313609467454,0.46745562130177515,0.1390625,27.82608695652174,Bram Stoker
3.9427402862985685,0.5051124744376279,0.17195325542570952,17.114285714285714,Bram Stoker
4.261224489795918,0.5244897959183673,0.1388888888888889,22.153846153846153,Bram Stoker
3.882591093117409,0.46558704453441296,0.16123499142367068,29.15,Bram Stoker
4.203629032258065,0.5100806451612904,0.1423728813559322,22.692307692307693,Bram Stoker
4.01195219123506,0.4940239043824701,0.146218487394958,20.517241379310345,Bram Stoker
3.862823061630219,0.48906560636182905,0.1693548387096774,29.523809523809526,Bram Stoker
3.784,0.45,0.14715719063545152,35.1764705882353,Bram Stoker
3.6910891089108913,0.45742574257425744,0.15024232633279483,22.107142857142858,Bram Stoker
4.114,0.502,0.12780656303972365,24.125,Bram Stoker
4.018036072144288,0.4849699398797595,0.13728813559322034,21.85185185185185,Bram Stoker
3.9595141700404857,0.5060728744939271,0.16611295681063123,22.296296296296298,Bram Stoker
4.054108216432866,0.49298597194388777,0.15548281505728315,25.458333333333332,Bram Stoker
3.812749003984064,0.4701195219123506,0.13917525773195877,29.1,Bram Stoker
3.964071856287425,0.48303393213572854,0.15191986644407346,28.523809523809526,Bram Stoker
3.8299595141700404,0.4939271255060729,0.1514629948364888,20.75,Bram Stoker
3.8814229249011856,0.4644268774703557,0.14143094841930118,31.63157894736842,Bram Stoker
3.743486973947896,0.4348697394789579,0.1447811447811448,28.285714285714285,Bram Stoker
3.946,0.474,0.12794612794612795,27.0,Bram Stoker
3.744466800804829,0.42052313883299797,0.13682432432432431,32.888888888888886,Bram Stoker
4.078156312625251,0.503006012024048,0.10139860139860139,38.13333333333333,Bram Stoker
3.8962075848303392,0.43313373253493015,0.1357615894039735,24.16,Bram Stoker
3.988071570576541,0.4711729622266402,0.141396933560477,26.681818181818183,Bram Stoker
3.9457831325301207,0.4879518072289157,0.10535714285714286,28.0,Bram Stoker
3.9938900203665986,0.4745417515274949,0.12323943661971831,25.818181818181817,Bram Stoker
4.086345381526105,0.4959839357429719,0.12609457092819615,21.14814814814815,Bram Stoker
4.125252525252526,0.503030303030303,0.1522491349480969,25.130434782608695,Bram Stoker
3.9392712550607287,0.44534412955465585,0.15202702702702703,23.68,Bram Stoker
3.763157894736842,0.4817813765182186,0.15474209650582363,24.04,Bram Stoker
4.0159045725646125,0.48906560636182905,0.14356435643564355,24.24,Bram Stoker
4.178926441351889,0.5029821073558648,0.11403508771929824,24.782608695652176,Bram Stoker
3.8386454183266934,0.4721115537848606,0.15202702702702703,19.733333333333334,Bram Stoker
4.128712871287129,0.5069306930693069,0.13287904599659284,34.529411764705884,Bram Stoker
3.9900199600798403,0.5129740518962076,0.1570945945945946,23.68,Bram Stoker
3.8073022312373226,0.4969574036511156,0.18592964824120603,21.321428571428573,Bram Stoker
3.8285123966942147,0.47107438016528924,0.17704918032786884,21.03448275862069,Bram Stoker
3.935871743486974,0.48296593186372744,0.152,22.321428571428573,Bram Stoker
3.717434869739479,0.45490981963927857,0.1505016722408027,21.357142857142858,Bram Stoker
3.841046277665996,0.47484909456740443,0.15292096219931273,17.636363636363637,Bram Stoker
3.8650306748466257,0.5030674846625767,0.14922813036020582,23.32,Bram Stoker
3.7509803921568627,0.3784313725490196,0.13846153846153847,29.25,Bram Stoker
3.762,0.45,0.12478336221837089,30.36842105263158,Bram Stoker
3.9583333333333335,0.44246031746031744,0.13846153846153847,27.857142857142858,Bram Stoker
3.797979797979798,0.4585858585858586,0.1396551724137931,21.48148148148148,Bram Stoker
4.044534412955466,0.4797570850202429,0.1445993031358885,24.956521739130434,Bram Stoker
3.839430894308943,0.44715447154471544,0.14853195164075994,26.318181818181817,Bram Stoker
4.0081632653061225,0.5,0.140893470790378,25.304347826086957,Bram Stoker
3.841463414634146,0.4573170731707317,0.15692821368948248,24.958333333333332,Bram Stoker
3.8474226804123712,0.47835051546391755,0.18739635157545606,18.272727272727273,Bram Stoker
3.713131313131313,0.4404040404040404,0.15333333333333332,22.22222222222222,Bram Stoker
4.028397565922921,0.4908722109533469,0.15807560137457044,27.714285714285715,Bram Stoker
3.6862745098039214,0.4137254901960784,0.14935064935064934,28.0,Bram Stoker
3.778217821782178,0.46534653465346537,0.14378029079159935,34.388888888888886,Bram Stoker
3.875,0.5020161290322581,0.1901743264659271,42.06666666666667,Bram Stoker
3.9213709677419355,0.4737903225806452,0.14897260273972604,20.857142857142858,Bram Stoker
4.087048832271762,0.5159235668789809,0.19210977701543738,23.32,Bram Stoker
3.9797979797979797,0.494949494949495,0.14432989690721648,24.25,Bram Stoker
4.1152173913043475,0.5,0.22635135135135134,23.68,Bram Stoker
3.9491869918699187,0.4898373983739837,0.14189189189189189,23.68,Bram Stoker
3.6633266533066133,0.4408817635270541,0.14285714285714285,22.884615384615383,Bram Stoker
4.012219959266803,0.47657841140529533,0.19281045751633988,22.666666666666668,Bram Stoker
3.830578512396694,0.4462809917355372,0.184640522875817,23.53846153846154,Bram Stoker
3.8519269776876266,0.43610547667342797,0.13157894736842105,27.142857142857142,Bram Stoker
3.8777555110220443,0.4729458917835671,0.1505922165820643,23.64,Bram Stoker
4.12008281573499,0.4989648033126294,0.17406143344709898,24.416666666666668,Bram Stoker
4.098969072164948,0.5402061855670103,0.20516962843295639,24.76,Bram Stoker
3.6930693069306932,0.48316831683168315,0.11627906976744186,35.411764705882355,Bram Stoker
3.86144578313253,0.4819277108433735,0.12437810945273632,28.714285714285715,Bram Stoker
3.96319018404908,0.5051124744376279,0.1663778162911612,21.37037037037037,Bram Stoker
3.90702479338843,0.45041322314049587,0.23102310231023102,19.548387096774192,Bram Stoker
4.1623762376237625,0.46534653465346537,0.13058419243986255,21.555555555555557,Bram Stoker
3.915151515151515,0.4767676767676768,0.19055374592833876,23.615384615384617,Bram Stoker
3.8050682261208575,0.46588693957115007,0.14925373134328357,31.736842105263158,Bram Stoker
3.8057851239669422,0.4793388429752066,0.16838487972508592,22.384615384615383,Bram Stoker
3.9757085020242915,0.5040485829959515,0.16089965397923875,24.083333333333332,Bram Stoker
4.012320328542095,0.49691991786447637,0.156140350877193,19.655172413793103,Bram Stoker
3.9831932773109244,0.4957983193277311,0.1903114186851211,19.266666666666666,Bram Stoker
3.8884381338742395,0.5253549695740365,0.1343804537521815,23.875,Bram Stoker
3.7237113402061857,0.47216494845360824,0.18588640275387264,20.75,Bram Stoker
3.875251509054326,0.4507042253521127,0.15771812080536912,22.923076923076923,Bram Stoker
3.5469061876247503,0.3912175648702595,0.13344887348353554,22.192307692307693,Bram Stoker
3.8072289156626504,0.46184738955823296,0.16298811544991512,26.772727272727273,Bram Stoker
3.808764940239044,0.42828685258964144,0.12908777969018934,26.40909090909091,Bram Stoker
3.946,0.448,0.16943521594684385,21.5,Bram Stoker
3.8285714285714287,0.48367346938775513,0.1867572156196944,16.36111111111111,Bram Stoker
3.754,0.454,0.1346153846153846,27.238095238095237,Bram Stoker
3.896969696969697,0.4808080808080808,0.1335676625659051,28.45,Bram Stoker
3.9919354838709675,0.5181451612903226,0.1280701754385965,28.5,Bram Stoker
3.85,0.494,0.14833333333333334,25.0,Bram Stoker
4.133333333333334,0.47474747474747475,0.13066202090592335,19.133333333333333,Bram Stoker
4.298597194388778,0.46893787575150303,0.12084063047285463,28.55,Bram Stoker
4.13855421686747,0.4919678714859438,0.11347517730496454,29.68421052631579,Bram Stoker
3.950199203187251,0.5159362549800797,0.12521440823327615,22.423076923076923,Bram Stoker
4.236111111111111,0.5868055555555556,0.20441988950276244,32.90909090909091,Bram Stoker
4.545073375262055,0.5031446540880503,0.2636363636363636,8.571428571428571,Oscar Wilde
4.431726907630522,0.45180722891566266,0.2450532724505327,6.378640776699029,Oscar Wilde
3.87866927592955,0.39921722113502933,0.18125,8.311688311688311,Oscar Wilde
3.9445544554455445,0.3782178217821782,0.17142857142857143,10.327868852459016,Oscar Wilde
4.1200787401574805,0.42322834645669294,0.13410596026490065,11.185185185185185,Oscar Wilde
3.9681274900398407,0.4760956175298805,0.16013071895424835,10.372881355932204,Oscar Wilde
4.337278106508876,0.46745562130177515,0.2303120356612184,7.395604395604396,Oscar Wilde
4.158536585365853,0.4796747967479675,0.18032786885245902,10.166666666666666,Oscar Wilde
4.266260162601626,0.42886178861788615,0.20285261489698891,7.423529411764706,Oscar Wilde
4.182377049180328,0.444672131147541,0.2379471228615863,7.746987951807229,Oscar Wilde
4.324055666003976,0.47514910536779326,0.1968503937007874,8.246753246753247,Oscar Wilde
4.204968944099379,0.4472049689440994,0.1970684039087948,9.903225806451612,Oscar Wilde
4.035785288270378,0.4532803180914513,0.1921875,7.619047619047619,Oscar Wilde
4.078740157480315,0.484251968503937,0.20606060606060606,6.804123711340206,Oscar Wilde
4.390781563126253,0.5090180360721442,0.2413793103448276,7.021052631578947,Oscar Wilde
4.310276679841897,0.4683794466403162,0.15016501650165018,10.271186440677965,Oscar Wilde
4.364185110663984,0.482897384305835,0.22839506172839505,7.2,Oscar Wilde
4.115079365079365,0.43253968253968256,0.19440124416796267,7.564705882352941,Oscar Wilde
4.355599214145383,0.4675834970530452,0.19938650306748465,7.2444444444444445,Oscar Wilde
4.445564516129032,0.5100806451612904,0.2260061919504644,7.340909090909091,Oscar Wilde
4.139165009940358,0.4592445328031809,0.20373250388802489,7.065934065934066,Oscar Wilde
4.054,0.448,0.20930232558139536,7.678571428571429,Oscar Wilde
3.997983870967742,0.4153225806451613,0.1984126984126984,7.5,Oscar Wilde
4.248031496062992,0.4862204724409449,0.1947449768160742,8.743243243243244,Oscar Wilde
4.088582677165355,0.4311023622047244,0.19601837672281777,8.371794871794872,Oscar Wilde
4.2303030303030305,0.4666666666666667,0.21981424148606812,6.946236559139785,Oscar Wilde
4.214711729622266,0.46520874751491054,0.19273301737756715,9.042857142857143,Oscar Wilde
4.349494949494949,0.501010101010101,0.19349593495934958,9.318181818181818,Oscar Wilde
4.3812375249501,0.48303393213572854,0.2276923076923077,7.831325301204819,Oscar Wilde
4.434262948207171,0.4043824701195219,0.260233918128655,6.053097345132743,Oscar Wilde
4.225933202357564,0.44597249508840864,0.1865203761755486,8.075949367088608,Oscar Wilde
4.28,0.4,0.18167202572347266,8.63888888888889,Oscar Wilde
4.426877470355731,0.46047430830039526,0.2085235920852359,6.636363636363637,Oscar Wilde
4.609657947686117,0.5010060362173038,0.24012158054711247,6.092592592592593,Oscar Wilde
4.6727642276422765,0.5121951219512195,0.19838709677419356,10.689655172413794,Oscar Wilde
4.460159362549801,0.4800796812749004,0.209375,8.10126582278481,Oscar Wilde
4.44,0.48,0.17100977198697068,10.964285714285714,Oscar Wilde
4.359437751004016,0.4779116465863454,0.176759410801964,10.35593220338983,Oscar Wilde
4.419354838709677,0.4838709677419355,0.19903691813804172,9.43939393939394,Oscar Wilde
4.415983606557377,0.5061475409836066,0.22784810126582278,7.101123595505618,Oscar Wilde
4.316,0.44,0.21638330757341576,7.795180722891566,Oscar Wilde
4.5476190476190474,0.6238095238095238,0.2760942760942761,6.6,Oscar Wilde
4.68801652892562,0.5289256198347108,0.11864406779661017,42.142857142857146,Louisa May Alcott
3.7432432432432434,0.4980694980694981,0.13501483679525222,30.636363636363637,Louisa May Alcott
3.8771929824561404,0.5263157894736842,0.13862928348909656,29.181818181818183,Louisa May Alcott
3.9446640316205532,0.5138339920948617,0.1453125,26.666666666666668,Louisa May Alcott
3.8529411764705883,0.5078431372549019,0.13228346456692913,22.678571428571427,Louisa May Alcott
4.114457831325301,0.5562248995983936,0.16031746031746033,21.724137931034484,Louisa May Alcott
3.78019801980198,0.49306930693069306,0.11461794019933555,31.68421052631579,Louisa May Alcott
3.9681908548707754,0.510934393638171,0.11608623548922056,35.470588235294116,Louisa May Alcott
4.197183098591549,0.5030181086519114,0.11846689895470383,28.7,Louisa May Alcott
4.041501976284585,0.5513833992094862,0.1264,24.03846153846154,Louisa May Alcott
3.9467455621301775,0.5187376725838264,0.13535031847133758,24.153846153846153,Louisa May Alcott
4.288,0.53,0.14072847682119205,25.166666666666668,Louisa May Alcott
4.462925851703407,0.5771543086172345,0.10815602836879433,33.1764705882353,Louisa May Alcott
4.272908366533865,0.545816733067729,0.15577889447236182,25.956521739130434,Louisa May Alcott
4.360557768924303,0.5557768924302788,0.13050847457627118,25.652173913043477,Louisa May Alcott
4.3220675944334,0.5825049701789264,0.11784511784511785,20.482758620689655,Louisa May Alcott
3.7387914230019494,0.5185185185185185,0.13063763608087092,24.73076923076923,Louisa May Alcott
3.658959537572254,0.4489402697495183,0.12406576980568013,20.90625,Louisa May Alcott
3.992217898832685,0.5272373540856031,0.13819875776397517,20.125,Louisa May Alcott
4.055555555555555,0.5575396825396826,0.13517915309446255,26.695652173913043,Louisa May Alcott
3.7460629921259843,0.49015748031496065,0.1338235294117647,34.0,Louisa May Alcott
3.877227722772277,0.5306930693069307,0.14925373134328357,31.904761904761905,Louisa May Alcott
3.709551656920078,0.5048732943469786,0.14153846153846153,20.967741935483872,Louisa May Alcott
3.8523622047244093,0.49803149606299213,0.14082278481012658,21.79310344827586,Louisa May Alcott
3.86692759295499,0.5322896281800391,0.1232,32.89473684210526,Louisa May Alcott
4.101761252446184,0.5518590998043053,0.11908646003262642,24.52,Louisa May Alcott
4.187624750499002,0.5728542914171657,0.11447811447811448,34.94117647058823,Louisa May Alcott
4.3142292490118574,0.5592885375494071,0.12224108658743633,39.266666666666666,Louisa May Alcott
4.147704590818363,0.5369261477045908,0.1085814360770578,38.06666666666667,Louisa May Alcott
4.3220675944334,0.562624254473161,0.12374581939799331,35.1764705882353,Louisa May Alcott
3.874751491053678,0.5168986083499006,0.12376237623762376,35.64705882352941,Louisa May Alcott
3.7460629921259843,0.5216535433070866,0.14463452566096424,26.791666666666668,Louisa May Alcott
3.686,0.492,0.13672496025437203,34.94444444444444,Louisa May Alcott
4.0894632206759445,0.5129224652087475,0.1464968152866242,41.86666666666667,Louisa May Alcott
4.028056112224449,0.5490981963927856,0.1318864774624374,29.95,Louisa May Alcott
3.7529644268774702,0.5019762845849802,0.14198473282442747,24.25925925925926,Louisa May Alcott
3.7840466926070038,0.49416342412451364,0.14285714285714285,27.416666666666668,Louisa May Alcott
3.7915057915057915,0.47104247104247104,0.12241653418124006,28.59090909090909,Louisa May Alcott
4.1117647058823525,0.5450980392156862,0.13344051446945338,28.272727272727273,Louisa May Alcott
3.7509727626459144,0.4455252918287938,0.14583333333333334,29.217391304347824,Louisa May Alcott
3.9445544554455445,0.500990099009901,0.1435257410296412,24.653846153846153,Louisa May Alcott
3.9305555555555554,0.49603174603174605,0.14461538461538462,24.074074074074073,Louisa May Alcott
3.7788844621513946,0.44621513944223107,0.13070866141732285,28.863636363636363,Louisa May Alcott
4.405622489959839,0.5301204819277109,0.11945392491467577,32.55555555555556,Louisa May Alcott
3.94831013916501,0.5308151093439364,0.14424635332252836,41.13333333333333,Louisa May Alcott
4.052208835341365,0.5281124497991968,0.13080895008605853,26.40909090909091,Louisa May Alcott
4.147347740667977,0.5540275049115914,0.14668769716088328,24.384615384615383,Louisa May Alcott
4.088235294117647,0.5372549019607843,0.13657770800627944,27.695652173913043,Louisa May Alcott
3.9366336633663366,0.5168316831683168,0.14733542319749215,27.73913043478261,Louisa May Alcott
4.240631163708087,0.5621301775147929,0.12459546925566344,30.9,Louisa May Alcott
4.462321792260693,0.5824847250509165,0.14356435643564355,28.857142857142858,Louisa May Alcott
4.122244488977956,0.5110220440881763,0.13050847457627118,34.705882352941174,Louisa May Alcott
4.294234592445328,0.5526838966202783,0.12151067323481117,33.833333333333336,Louisa May Alcott
4.027504911591356,0.5422396856581533,0.1368584758942457,29.227272727272727,Louisa May Alcott
3.7248062015503876,0.4903100775193798,0.1411229135053111,25.346153846153847,Louisa May Alcott
4.1146245059288535,0.5355731225296443,0.13564668769716087,26.416666666666668,Louisa May Alcott
3.9742063492063493,0.5218253968253969,0.14119601328903655,35.411764705882355,Louisa May Alcott
3.9545454545454546,0.5019762845849802,0.12046204620462046,31.894736842105264,Louisa May Alcott
4.116,0.534,0.1497504159733777,33.388888888888886,Louisa May Alcott
3.9166666666666665,0.4861111111111111,0.13136288998357964,25.375,Louisa May Alcott
3.80561122244489,0.4749498997995992,0.1345514950166113,28.666666666666668,Louisa May Alcott
3.8406374501992033,0.4760956175298805,0.11298482293423272,42.357142857142854,Louisa May Alcott
3.956692913385827,0.5393700787401575,0.11974110032362459,34.333333333333336,Louisa May Alcott
3.895551257253385,0.5029013539651838,0.11885895404120443,24.26923076923077,Louisa May Alcott
4.273453093812376,0.5169660678642715,0.1414141414141414,29.7,Louisa May Alcott
4.0770750988142295,0.4901185770750988,0.1383147853736089,24.192307692307693,Louisa May Alcott
4.280561122244489,0.5571142284569138,0.13266998341625208,31.736842105263158,Louisa May Alcott
3.7972972972972974,0.4980694980694981,0.13622754491017963,26.72,Louisa May Alcott
4.345924453280318,0.5487077534791253,0.13166666666666665,30.0,Louisa May Alcott
4.025793650793651,0.5099206349206349,0.14308426073131955,31.45,Louisa May Alcott
3.899803536345776,0.4911591355599214,0.1375579598145286,35.94444444444444,Louisa May Alcott
4.01556420233463,0.5038910505836576,0.12578616352201258,26.5,Louisa May Alcott
3.923076923076923,0.5009861932938856,0.13125,32.0,Louisa May Alcott
3.9463220675944335,0.5089463220675944,0.1488,29.761904761904763,Louisa May Alcott
4.044088176352705,0.5090180360721442,0.14845024469820556,26.652173913043477,Louisa May Alcott
4.490835030549898,0.5784114052953157,0.18770226537216828,36.35294117647059,Louisa May Alcott
4.306451612903226,0.5866935483870968,0.13242784380305603,26.772727272727273,Louisa May Alcott
3.9409368635437882,0.560081466395112,0.12035398230088495,37.666666666666664,Louisa May Alcott
4.228,0.572,0.13851351351351351,24.666666666666668,Louisa May Alcott
4.0178926441351885,0.5069582504970179,0.1582952815829528,20.53125,Louisa May Alcott
4.248995983935743,0.5502008032128514,0.14563106796116504,25.75,Louisa May Alcott
4.177387914230019,0.571150097465887,0.1439509954058193,29.681818181818183,Louisa May Alcott
4.0810276679841895,0.5513833992094862,0.14064914992272023,28.130434782608695,Louisa May Alcott
4.330677290836653,0.5517928286852589,0.11168384879725086,30.63157894736842,Louisa May Alcott
4.052427184466019,0.5320388349514563,0.12361331220285261,35.05555555555556,Louisa May Alcott
3.853281853281853,0.5038610038610039,0.1400304414003044,24.333333333333332,Louisa May Alcott
4.372509960159363,0.5756972111553785,0.12241379310344827,30.526315789473685,Louisa May Alcott
4.243564356435644,0.5683168316831683,0.13122923588039867,33.44444444444444,Louisa May Alcott
4.105577689243028,0.5358565737051793,0.1280388978930308,28.045454545454547,Louisa May Alcott
4.102362204724409,0.531496062992126,0.13291139240506328,30.095238095238095,Louisa May Alcott
4.032,0.536,0.14497528830313014,30.35,Louisa May Alcott
3.6712062256809337,0.49221789883268485,0.15994020926756353,23.892857142857142,Louisa May Alcott
4.0,0.5641025641025641,0.13517915309446255,17.542857142857144,Louisa May Alcott
4.3785425101214575,0.5546558704453441,0.1362862010221465,27.952380952380953,Louisa May Alcott
3.864440078585462,0.4931237721021611,0.15179968701095461,21.3,Louisa May Alcott
4.149606299212598,0.5649606299212598,0.1262135922330097,26.869565217391305,Louisa May Alcott
3.958167330677291,0.5338645418326693,0.13884297520661157,30.25,Louisa May Alcott
4.248995983935743,0.5943775100401606,0.1616,36.76470588235294,Louisa May Alcott
4.101593625498008,0.5418326693227091,0.1550632911392405,33.26315789473684,Louisa May Alcott
3.8542914171656686,0.47305389221556887,0.16326530612244897,19.055555555555557,Louisa May Alcott
4.0178926441351885,0.5049701789264414,0.15236686390532544,22.533333333333335,Louisa May Alcott
4.0,0.5029940119760479,0.12155591572123177,26.82608695652174,Louisa May Alcott
3.875,0.5337301587301587,0.1421875,29.09090909090909,Louisa May Alcott
4.148809523809524,0.5496031746031746,0.13964686998394862,29.666666666666668,Louisa May Alcott
4.343936381709741,0.5427435387673957,0.12479201331114809,33.388888888888886,Louisa May Alcott
4.031558185404339,0.5641025641025641,0.12234910277324633,27.863636363636363,Louisa May Alcott
3.8138613861386137,0.5207920792079208,0.1448382126348228,23.178571428571427,Louisa May Alcott
3.71011673151751,0.45525291828793774,0.13149847094801223,31.142857142857142,Louisa May Alcott
3.864341085271318,0.5174418604651163,0.14074074074074075,25.0,Louisa May Alcott
3.75968992248062,0.4806201550387597,0.11987381703470032,33.36842105263158,Louisa May Alcott
3.7799607072691552,0.47347740667976423,0.1168,27.17391304347826,Louisa May Alcott
4.135188866799205,0.584493041749503,0.1314475873544093,40.06666666666667,Louisa May Alcott
4.04183266932271,0.5039840637450199,0.12898089171974522,36.94117647058823,Louisa May Alcott
3.6045627376425857,0.4505703422053232,0.13532763532763534,33.42857142857143,Louisa May Alcott
3.708253358925144,0.46065259117082535,0.15405405405405406,29.6,Louisa May Alcott
4.035502958579881,0.5285996055226825,0.12618296529968454,26.416666666666668,Louisa May Alcott
4.102,0.516,0.1453125,23.703703703703702,Louisa May Alcott
3.9960707269155207,0.5049115913555993,0.13734567901234568,28.17391304347826,Louisa May Alcott
3.9320388349514563,0.516504854368932,0.13435114503816795,32.75,Louisa May Alcott
4.107569721115538,0.5239043824701195,0.15396825396825398,28.636363636363637,Louisa May Alcott
3.99800796812749,0.545816733067729,0.1342062193126023,22.62962962962963,Louisa May Alcott
4.007952286282306,0.5149105367793241,0.12664473684210525,35.76470588235294,Louisa May Alcott
3.6223091976516635,0.4755381604696673,0.12238325281803543,29.571428571428573,Louisa May Alcott
3.651394422310757,0.5039840637450199,0.128500823723229,28.904761904761905,Louisa May Alcott
4.195266272189349,0.5641025641025641,0.12980769230769232,31.2,Louisa May Alcott
4.202429149797571,0.5404858299595142,0.16013071895424835,27.818181818181817,Louisa May Alcott
4.112403100775194,0.5290697674418605,0.1308411214953271,23.77777777777778,Louisa May Alcott
4.065868263473054,0.5449101796407185,0.13827993254637436,23.72,Louisa May Alcott
3.6978557504873293,0.5243664717348928,0.13398692810457516,21.103448275862068,Louisa May Alcott
3.8015717092337917,0.5304518664047151,0.10689655172413794,21.48148148148148,Louisa May Alcott
4.419678714859438,0.5903614457831325,0.13020833333333334,22.153846153846153,Louisa May Alcott
3.8622047244094486,0.4822834645669291,0.13893129770992366,23.392857142857142,Louisa May Alcott
3.6868884540117417,0.4755381604696673,0.1510015408320493,25.96,Louisa May Alcott
3.5977011494252875,0.446360153256705,0.14136904761904762,28.0,Louisa May Alcott
3.7627450980392156,0.48627450980392156,0.14368650217706821,28.708333333333332,Louisa May Alcott
4.086785009861933,0.534516765285996,0.15132605304212168,24.653846153846153,Louisa May Alcott
4.254,0.536,0.11558669001751314,43.92307692307692,Louisa May Alcott
3.9226190476190474,0.5119047619047619,0.13614262560777957,34.27777777777778,Louisa May Alcott
3.776061776061776,0.4922779922779923,0.13117283950617284,24.0,Louisa May Alcott
3.90625,0.4921875,0.15085536547433903,25.72,Louisa May Alcott
4.258449304174951,0.5685884691848907,0.14052287581699346,27.818181818181817,Louisa May Alcott
4.00990099009901,0.5306930693069307,0.15161290322580645,36.470588235294116,Louisa May Alcott
3.998031496062992,0.5177165354330708,0.12624584717607973,31.68421052631579,Louisa May Alcott
4.283433133732535,0.530938123752495,0.11091549295774648,35.5,Louisa May Alcott
3.975951903807615,0.4849699398797595,0.11784511784511785,34.94117647058823,Louisa May Alcott
4.057768924302789,0.5258964143426295,0.11623931623931624,25.434782608695652,Louisa May Alcott
4.129740518962076,0.5349301397205589,0.13079470198675497,31.789473684210527,Louisa May Alcott
3.972332015810277,0.5237154150197628,0.1254125412541254,28.857142857142858,Louisa May Alcott
3.9662698412698414,0.5119047619047619,0.12006578947368421,33.77777777777778,Louisa May Alcott
4.320792079207921,0.5504950495049505,0.11054421768707483,36.75,Louisa May Alcott
3.6070038910505837,0.44357976653696496,0.11305732484076433,33.05263157894737,Louisa May Alcott
3.8194444444444446,0.5059523809523809,0.1476923076923077,20.3125,Louisa May Alcott
3.690944881889764,0.4704724409448819,0.11754966887417219,24.16,Louisa May Alcott
3.907662082514735,0.5049115913555993,0.14285714285714285,29.272727272727273,Louisa May Alcott
4.118343195266272,0.5187376725838264,0.14378029079159935,32.578947368421055,Louisa May Alcott
3.853515625,0.50390625,0.15303030303030302,20.625,Louisa May Alcott
3.840954274353877,0.4870775347912525,0.1482059282371295,26.708333333333332,Louisa May Alcott
4.104125736738704,0.5225933202357563,0.1206611570247934,33.611111111111114,Louisa May Alcott
3.5511363636363638,0.44886363636363635,0.14165497896213183,24.586206896551722,Louisa May Alcott
3.5884615384615386,0.4826923076923077,0.13616398243045388,23.551724137931036,Louisa May Alcott
4.037549407114624,0.5237154150197628,0.14285714285714285,23.333333333333332,Louisa May Alcott
3.841796875,0.50390625,0.13543307086614173,26.458333333333332,Louisa May Alcott
4.035643564356436,0.5623762376237624,0.14082278481012658,27.47826086956522,Louisa May Alcott
4.458,0.594,0.12048192771084337,26.40909090909091,Louisa May Alcott
4.2625250501002006,0.5270541082164328,0.1310116086235489,30.15,Louisa May Alcott
4.357575757575757,0.5595959595959596,0.145,33.333333333333336,Louisa May Alcott
3.9526627218934913,0.5424063116370809,0.12459546925566344,26.869565217391305,Louisa May Alcott
3.9565217391304346,0.5335968379446641,0.12950819672131147,40.666666666666664,Louisa May Alcott
3.966796875,0.5234375,0.13971742543171115,28.954545454545453,Louisa May Alcott
3.817288801571709,0.5009823182711198,0.12796208530805686,31.65,Louisa May Alcott
3.8548707753479126,0.4850894632206759,0.1382636655948553,27.043478260869566,Louisa May Alcott
3.8464491362763917,0.4779270633397313,0.13444108761329304,16.974358974358974,Louisa May Alcott
3.7956777996070725,0.481335952848723,0.12658227848101267,26.333333333333332,Louisa May Alcott
3.905222437137331,0.5145067698259188,0.12636505460218408,29.136363636363637,Louisa May Alcott
4.332665330661323,0.561122244488978,0.12162162162162163,32.888888888888886,Louisa May Alcott
3.8385214007782102,0.48249027237354086,0.13016845329249618,26.12,Louisa May Alcott
4.043478260869565,0.5316205533596838,0.11940298507462686,33.5,Louisa May Alcott
4.68389662027833,0.584493041749503,0.11965811965811966,34.411764705882355,Louisa May Alcott
4.51,0.586,0.1226252158894646,44.53846153846154,Louisa May Alcott
4.438877755511022,0.56312625250501,0.10247349823321555,40.42857142857143,Louisa May Alcott
4.388888888888889,0.5833333333333334,0.1097770154373928,34.294117647058826,Louisa May Alcott
3.9282868525896415,0.5039840637450199,0.11129848229342328,34.88235294117647,Louisa May Alcott
4.200396825396825,0.5734126984126984,0.14465408805031446,28.90909090909091,Louisa May Alcott
3.890625,0.529296875,0.13501483679525222,25.923076923076923,Louisa May Alcott
3.8957528957528957,0.5212355212355212,0.13190184049079753,28.347826086956523,Louisa May Alcott
4.051282051282051,0.5443786982248521,0.10367892976588629,42.714285714285715,Louisa May Alcott
4.243027888446215,0.5737051792828686,0.11965811965811966,32.5,Louisa May Alcott
4.1330724070450096,0.5577299412915852,0.10784313725490197,34.0,Louisa May Alcott
4.094,0.552,0.13344316309719934,40.46666666666667,Louisa May Alcott
4.2625250501002006,0.5430861723446894,0.13821138211382114,47.30769230769231,Louisa May Alcott
4.4222222222222225,0.597979797979798,0.11208406304728546,33.588235294117645,Louisa May Alcott
4.597222222222222,0.6071428571428571,0.132890365448505,43.0,Louisa May Alcott
4.231854838709677,0.5342741935483871,0.13079470198675497,37.75,Louisa May Alcott
3.885148514851485,0.48514851485148514,0.1282051282051282,39.0,Louisa May Alcott
4.238747553816047,0.5205479452054794,0.10535117056856187,28.476190476190474,Louisa May Alcott
4.338613861386139,0.5821782178217821,0.12312811980033278,33.388888888888886,Louisa May Alcott
4.222222222222222,0.5268199233716475,0.11755485893416928,35.44444444444444,Louisa May Alcott
4.183070866141732,0.5570866141732284,0.1344,28.40909090909091,Louisa May Alcott
4.15,0.554,0.11187607573149742,41.5,Louisa May Alcott
4.356713426853707,0.5591182364729459,0.11643835616438356,36.5,Louisa May Alcott
4.400402414486922,0.5553319919517102,0.11484098939929328,47.166666666666664,Louisa May Alcott
4.087475149105368,0.5526838966202783,0.11754684838160136,36.6875,Louisa May Alcott
4.005905511811024,0.5,0.1358609794628752,28.772727272727273,Louisa May Alcott
4.1663366336633665,0.5346534653465347,0.13694267515923567,41.86666666666667,Louisa May Alcott
4.4188376753507015,0.56312625250501,0.11538461538461539,33.64705882352941,Louisa May Alcott
4.176352705410822,0.531062124248497,0.1320754716981132,34.294117647058826,Louisa May Alcott
4.254437869822485,0.5739644970414202,0.1488,22.321428571428573,Louisa May Alcott
3.6923076923076925,0.48846153846153845,0.13671274961597543,22.448275862068964,Louisa May Alcott
3.9760479041916166,0.500998003992016,0.13388429752066117,35.588235294117645,Louisa May Alcott
4.258,0.52,0.14959349593495935,26.73913043478261,Louisa May Alcott
4.148221343873518,0.48616600790513836,0.11774744027303755,29.3,Louisa May Alcott
4.107784431137724,0.5149700598802395,0.13781512605042018,37.1875,Louisa May Alcott
3.7084942084942085,0.47104247104247104,0.11975116640746501,35.72222222222222,Louisa May Alcott
4.008032128514056,0.4678714859437751,0.12908777969018934,32.27777777777778,Louisa May Alcott
4.080234833659492,0.547945205479452,0.1404320987654321,18.0,Louisa May Alcott
3.8594059405940593,0.5108910891089109,0.14040561622464898,30.523809523809526,Louisa May Alcott
3.9055876685934487,0.48554913294797686,0.1289308176100629,26.5,Louisa May Alcott
3.8899803536345776,0.5245579567779961,0.15146831530139104,29.40909090909091,Louisa May Alcott
4.291913214990138,0.5483234714003945,0.11716171617161716,25.25,Louisa May Alcott
4.094861660079052,0.5217391304347826,0.11532125205930807,30.35,Louisa May Alcott
4.213438735177865,0.5731225296442688,0.12155591572123177,26.82608695652174,Louisa May Alcott
4.402750491159136,0.555992141453831,0.11513157894736842,43.42857142857143,Louisa May Alcott
3.7181996086105675,0.48336594911937375,0.10841423948220065,38.625,Louisa May Alcott
3.8988095238095237,0.4662698412698413,0.12,41.666666666666664,Louisa May Alcott
3.956777996070727,0.5068762278978389,0.14683153013910355,24.884615384615383,Louisa May Alcott
4.393638170974155,0.5268389662027833,0.12414965986394558,42.0,Louisa May Alcott
4.405189620758483,0.5249500998003992,0.1468189233278956,34.05555555555556,Louisa May Alcott
4.252941176470588,0.5509803921568628,0.10641891891891891,28.19047619047619,Louisa May Alcott
4.063116370808679,0.4930966469428008,0.13651315789473684,30.4,Louisa May Alcott
3.8443579766536966,0.519455252918288,0.12244897959183673,30.333333333333332,Louisa May Alcott
4.313725490196078,0.5235294117647059,0.13141025641025642,29.714285714285715,Louisa May Alcott
4.025540275049116,0.5225933202357563,0.1312803889789303,29.38095238095238,Louisa May Alcott
3.864864864864865,0.5,0.13960546282245828,31.38095238095238,Louisa May Alcott
3.9411764705882355,0.5254901960784314,0.13270142180094788,33.31578947368421,Louisa May Alcott
3.914396887159533,0.546692607003891,0.14743589743589744,28.363636363636363,Louisa May Alcott
3.9490196078431374,0.5529411764705883,0.15538461538461537,22.413793103448278,Louisa May Alcott
3.9260700389105057,0.546692607003891,0.1464968152866242,29.904761904761905,Louisa May Alcott
3.954813359528487,0.5304518664047151,0.13598673300165837,31.736842105263158,Louisa May Alcott
4.052941176470588,0.5647058823529412,0.1393841166936791,26.82608695652174,Louisa May Alcott
3.9844054580896686,0.5263157894736842,0.13029315960912052,21.928571428571427,Louisa May Alcott
3.7490272373540856,0.5058365758754864,0.15079365079365079,25.2,Louisa May Alcott
3.7114624505928853,0.4881422924901186,0.13665594855305466,29.61904761904762,Louisa May Alcott
3.8943248532289627,0.49902152641878667,0.12872841444270017,31.85,Louisa May Alcott
4.182178217821782,0.5544554455445545,0.1308562197092084,29.476190476190474,Louisa May Alcott
4.263473053892215,0.5588822355289421,0.11734693877551021,36.75,Louisa May Alcott
4.11439842209073,0.5384615384615384,0.14106583072100312,35.44444444444444,Louisa May Alcott
3.996101364522417,0.5146198830409356,0.1290824261275272,37.8235294117647,Louisa May Alcott
3.814453125,0.517578125,0.1546242774566474,31.454545454545453,Louisa May Alcott
3.7698412698412698,0.49007936507936506,0.13559322033898305,29.5,Louisa May Alcott
3.8458498023715415,0.5059288537549407,0.12091503267973856,30.6,Louisa May Alcott
3.7716535433070866,0.5216535433070866,0.13183279742765272,38.875,Louisa May Alcott
3.8181818181818183,0.5111111111111111,0.13949579831932774,29.75,Louisa May Alcott
3.9642147117296225,0.532803180914513,0.13210702341137123,39.86666666666667,Louisa May Alcott
3.9007936507936507,0.5257936507936508,0.12046204620462046,40.4,Louisa May Alcott
3.943887775551102,0.5250501002004008,0.15016501650165018,27.545454545454547,Louisa May Alcott
3.91897233201581,0.5355731225296443,0.12706270627062707,26.347826086956523,Louisa May Alcott
3.816,0.552,0.13266998341625208,28.714285714285715,Louisa May Alcott
3.668,0.48,0.1306532663316583,35.11764705882353,Louisa May Alcott
3.757396449704142,0.5088757396449705,0.13747954173486088,24.44,Louisa May Alcott
3.780392156862745,0.5,0.12745098039215685,26.608695652173914,Louisa May Alcott
4.048,0.53,0.1267123287671233,29.2,Louisa May Alcott
4.334677419354839,0.5403225806451613,0.13322091062394603,39.53333333333333,Louisa May Alcott
4.128968253968254,0.5218253968253969,0.1453125,27.82608695652174,Louisa May Alcott
4.549695740365111,0.5557809330628803,0.1421232876712329,30.736842105263158,Louisa May Alcott
4.50199203187251,0.5577689243027888,0.1226252158894646,34.05882352941177,Louisa May Alcott
4.612,0.558,0.09786476868327403,28.1,Louisa May Alcott
4.514970059880239,0.5449101796407185,0.11072056239015818,37.93333333333333,Louisa May Alcott
4.038152610441767,0.5040160642570282,0.13006756756756757,29.6,Louisa May Alcott
3.844311377245509,0.4530938123752495,0.11703958691910499,30.57894736842105,Louisa May Alcott
4.033268101761252,0.5362035225048923,0.11954765751211632,36.411764705882355,Louisa May Alcott
4.256461232604374,0.5606361829025845,0.0875,46.666666666666664,Louisa May Alcott
4.007984031936128,0.499001996007984,0.1353135313531353,27.545454545454547,Louisa May Alcott
3.9960707269155207,0.5324165029469549,0.13738019169329074,41.733333333333334,Louisa May Alcott
3.7335907335907335,0.4768339768339768,0.13063763608087092,33.8421052631579,Louisa May Alcott
3.765957446808511,0.4661508704061896,0.1355421686746988,30.181818181818183,Louisa May Alcott
3.7735124760076775,0.4779270633397313,0.125,28.17391304347826,Louisa May Alcott
3.751434034416826,0.47992351816443596,0.11335403726708075,35.77777777777778,Louisa May Alcott
3.94831013916501,0.5208747514910537,0.13893376413570274,34.388888888888886,Louisa May Alcott
3.7408123791102517,0.4526112185686654,0.12708018154311648,28.73913043478261,Louisa May Alcott
4.290258449304175,0.558648111332008,0.13539967373572595,32.26315789473684,Louisa May Alcott
4.0396825396825395,0.5059523809523809,0.11945392491467577,34.470588235294116,Louisa May Alcott
3.9235294117647057,0.4666666666666667,0.10508474576271186,39.333333333333336,Louisa May Alcott
3.650390625,0.447265625,0.13884555382215288,23.74074074074074,Louisa May Alcott
3.7582846003898633,0.49707602339181284,0.11935483870967742,23.846153846153847,Louisa May Alcott
3.97244094488189,0.5354330708661418,0.132013201320132,26.347826086956523,Louisa May Alcott
4.379721669980119,0.5745526838966203,0.14653784219001612,27.0,Louisa May Alcott
4.1414342629482075,0.5318725099601593,0.12887438825448613,32.26315789473684,Louisa May Alcott
4.170974155069582,0.5467196819085487,0.11486486486486487,39.46666666666667,Louisa May Alcott
4.217131474103586,0.5318725099601593,0.11584327086882454,34.529411764705884,Louisa May Alcott
4.199211045364891,0.5325443786982249,0.11993517017828201,34.27777777777778,Louisa May Alcott
4.33,0.592,0.12876254180602006,37.375,Louisa May Alcott
4.46613545816733,0.5637450199203188,0.12585034013605442,32.666666666666664,Louisa May Alcott
4.253937007874016,0.5531496062992126,0.1321928460342146,37.8235294117647,Louisa May Alcott
4.42570281124498,0.5622489959839357,0.1048951048951049,47.666666666666664,Louisa May Alcott
4.369781312127237,0.5705765407554672,0.10726643598615918,36.125,Louisa May Alcott
3.927592954990215,0.48532289628180036,0.12244897959183673,37.470588235294116,Louisa May Alcott
3.690058479532164,0.4444444444444444,0.12300319488817892,27.217391304347824,Louisa May Alcott
4.027450980392157,0.5078431372549019,0.10561056105610561,33.666666666666664,Louisa May Alcott
4.190380761523046,0.5551102204408818,0.15838509316770186,30.666666666666668,Louisa May Alcott
4.201596806387226,0.5329341317365269,0.13365539452495975,32.68421052631579,Louisa May Alcott
3.992202729044834,0.5009746588693957,0.13166144200626959,42.53333333333333,Louisa May Alcott
3.9584158415841584,0.4910891089108911,0.12251655629139073,43.142857142857146,Louisa May Alcott
4.216269841269841,0.5515873015873016,0.12941176470588237,39.666666666666664,Louisa May Alcott
4.131474103585657,0.5179282868525896,0.11904761904761904,30.94736842105263,Louisa May Alcott
4.483739837398374,0.5995934959349594,0.13368055555555555,32.0,Louisa May Alcott
3.982,0.5,0.12363067292644757,27.782608695652176,Louisa May Alcott
3.923228346456693,0.5216535433070866,0.1277258566978193,32.1,Louisa May Alcott
3.9424603174603177,0.49404761904761907,0.13587786259541984,28.47826086956522,Louisa May Alcott
3.84493041749503,0.510934393638171,0.14946070878274267,34.1578947368421,Louisa May Alcott
3.7633136094674557,0.46942800788954636,0.11092436974789915,35.0,Louisa May Alcott
3.7260273972602738,0.4481409001956947,0.13374805598755832,29.227272727272727,Louisa May Alcott
3.9823874755381605,0.5283757338551859,0.13050314465408805,35.333333333333336,Louisa May Alcott
4.145383104125736,0.5481335952848723,0.1492063492063492,26.25,Louisa May Alcott
4.535856573705179,0.5956175298804781,0.11631944444444445,52.36363636363637,Louisa May Alcott
4.3,0.542,0.12371134020618557,41.57142857142857,Louisa May Alcott
4.22244094488189,0.5452755905511811,0.12666666666666668,30.0,Louisa May Alcott
3.7972972972972974,0.5019305019305019,0.12101910828025478,41.86666666666667,Louisa May Alcott
4.302970297029703,0.5366336633663367,0.09705372616984402,33.94117647058823,Louisa May Alcott
4.356299212598425,0.5590551181102362,0.1111111111111111,41.785714285714285,Louisa May Alcott
4.172888015717092,0.5343811394891945,0.11872909698996656,37.375,Louisa May Alcott
4.150980392156863,0.492156862745098,0.12207357859531773,31.473684210526315,Louisa May Alcott
4.200396825396825,0.5218253968253969,0.11844331641285956,36.9375,Louisa May Alcott
4.241035856573705,0.5557768924302788,0.12173913043478261,35.9375,Louisa May Alcott
4.1232604373757455,0.5029821073558648,0.11652173913043479,35.9375,Louisa May Alcott
3.7465346534653468,0.499009900990099,0.12582781456953643,35.529411764705884,Louisa May Alcott
4.2315369261477045,0.5349301397205589,0.11013986013986014,31.77777777777778,Louisa May Alcott
4.1305220883534135,0.5522088353413654,0.131175468483816,30.894736842105264,Louisa May Alcott
4.296442687747035,0.5158102766798419,0.11375212224108659,36.8125,Louisa May Alcott
4.230769230769231,0.5325443786982249,0.12892561983471074,46.53846153846154,Louisa May Alcott
3.9021526418786694,0.5146771037181996,0.1330049261083744,33.833333333333336,Louisa May Alcott
4.09,0.486,0.1357615894039735,26.26086956521739,Louisa May Alcott
3.8588469184890655,0.4671968190854871,0.11889250814332247,36.11764705882353,Louisa May Alcott
3.9288537549407114,0.5138339920948617,0.12186978297161936,35.23529411764706,Louisa May Alcott
3.9446640316205532,0.5059288537549407,0.16613418530351437,26.083333333333332,Louisa May Alcott
4.113095238095238,0.5654761904761905,0.14583333333333334,34.666666666666664,Louisa May Alcott
3.8613861386138613,0.4772277227722772,0.1529051987767584,28.434782608695652,Louisa May Alcott
3.911417322834646,0.49803149606299213,0.13787638668779714,37.11764705882353,Louisa May Alcott
3.5852713178294575,0.45348837209302323,0.12479740680713128,30.85,Louisa May Alcott
3.707509881422925,0.48221343873517786,0.14195583596214512,31.7,Louisa May Alcott
4.052631578947368,0.5101214574898786,0.129783693843594,35.35294117647059,Louisa May Alcott
4.254980079681275,0.5756972111553785,0.1045531197301855,29.65,Louisa May Alcott
4.183070866141732,0.5649606299212598,0.11947626841243862,32.1578947368421,Louisa May Alcott
4.214859437751004,0.5441767068273092,0.13582342954159593,28.047619047619047,Louisa May Alcott
4.3279678068410465,0.5774647887323944,0.12736660929432014,38.733333333333334,Louisa May Alcott
4.263366336633664,0.5544554455445545,0.1461038961038961,29.333333333333332,Louisa May Alcott
4.066,0.53,0.13680781758957655,36.11764705882353,Louisa May Alcott
4.060665362035225,0.5303326810176126,0.1443932411674347,27.125,Louisa May Alcott
3.780821917808219,0.4931506849315068,0.12420382165605096,31.4,Louisa May Alcott
3.894941634241245,0.5038910505836576,0.1291866028708134,31.35,Louisa May Alcott
4.424302788844622,0.5816733067729084,0.10034602076124567,48.166666666666664,Louisa May Alcott
4.558882235528942,0.5768463073852296,0.129783693843594,42.92857142857143,Louisa May Alcott
4.099601593625498,0.549800796812749,0.1264,41.666666666666664,Louisa May Alcott
4.578947368421052,0.5890688259109311,0.14165261382799327,37.0625,Louisa May Alcott
4.319277108433735,0.5522088353413654,0.15707620528771385,30.61904761904762,Louisa May Alcott
4.25984251968504,0.5275590551181102,0.1206611570247934,33.611111111111114,Louisa May Alcott
4.293172690763052,0.5742971887550201,0.14918032786885246,32.10526315789474,Louisa May Alcott
4.0241448692152915,0.5150905432595574,0.13848631239935588,36.529411764705884,Louisa May Alcott
4.181086519114688,0.5331991951710262,0.13,31.57894736842105,Louisa May Alcott
3.911823647294589,0.5250501002004008,0.14513556618819776,31.35,Louisa May Alcott
4.070140280561122,0.5190380761523046,0.12897822445561138,29.85,Louisa May Alcott
4.047430830039525,0.5335968379446641,0.15454545454545454,24.444444444444443,Louisa May Alcott
4.076458752515091,0.5653923541247485,0.15823817292006526,30.65,Louisa May Alcott
3.904191616766467,0.5489021956087824,0.12769485903814262,37.6875,Louisa May Alcott
3.7588235294117647,0.5019607843137255,0.13344051446945338,29.61904761904762,Louisa May Alcott
3.8054474708171204,0.519455252918288,0.1339421613394216,29.863636363636363,Louisa May Alcott
3.8908382066276803,0.5263157894736842,0.13174603174603175,27.391304347826086,Louisa May Alcott
3.858252427184466,0.5087378640776699,0.1271860095389507,31.45,Louisa May Alcott
4.453815261044177,0.5562248995983936,0.12220309810671257,36.3125,Louisa May Alcott
4.472945891783567,0.5891783567134269,0.125,27.428571428571427,Louisa May Alcott
4.34319526627219,0.5759368836291914,0.11734693877551021,36.75,Louisa May Alcott
4.1561264822134385,0.5316205533596838,0.11794019933554817,40.13333333333333,Louisa May Alcott
3.9447731755424065,0.5443786982248521,0.14467408585055644,31.45,Louisa May Alcott
4.238938053097345,0.7876106194690266,0.16083916083916083,35.75,Louisa May Alcott
4.353061224489796,0.5346938775510204,0.12478031634446397,40.642857142857146,Robert Louis Stevenson
4.225806451612903,0.5463709677419355,0.1157167530224525,44.53846153846154,Robert Louis Stevenson
3.896078431372549,0.4764705882352941,0.11577181208053691,27.09090909090909,Robert Louis Stevenson
3.857142857142857,0.47283702213279677,0.14170692431561996,25.875,Robert Louis Stevenson
3.848178137651822,0.4493927125506073,0.1486697965571205,22.821428571428573,Robert Louis Stevenson
4.261224489795918,0.5020408163265306,0.14726027397260275,36.5,Robert Louis Stevenson
4.152610441767068,0.5080321285140562,0.12786885245901639,27.727272727272727,Robert Louis Stevenson
4.185858585858586,0.509090909090909,0.11775043936731107,37.93333333333333,Robert Louis Stevenson
4.155601659751038,0.4896265560165975,0.16946564885496182,24.25925925925926,Robert Louis Stevenson
4.25979381443299,0.534020618556701,0.1761827079934747,27.863636363636363,Robert Louis Stevenson
4.103092783505154,0.5360824742268041,0.1631321370309951,30.65,Robert Louis Stevenson
3.8995983935742973,0.44779116465863456,0.1484375,30.476190476190474,Robert Louis Stevenson
4.006036217303823,0.5271629778672032,0.13043478260869565,33.22222222222222,Robert Louis Stevenson
4.162601626016261,0.491869918699187,0.12903225806451613,28.047619047619047,Robert Louis Stevenson
4.171717171717172,0.5272727272727272,0.14309484193011648,42.92857142857143,Robert Louis Stevenson
4.423694779116466,0.5401606425702812,0.12776831345826234,39.13333333333333,Robert Louis Stevenson
3.8608870967741935,0.48588709677419356,0.1480891719745223,28.545454545454547,Robert Louis Stevenson
4.167338709677419,0.5161290322580645,0.1396103896103896,26.782608695652176,Robert Louis Stevenson
4.2145748987854255,0.4898785425101215,0.16818181818181818,20.0,Robert Louis Stevenson
4.075050709939148,0.45841784989858014,0.1254295532646048,36.375,Robert Louis Stevenson
3.8957915831663326,0.4849699398797595,0.14376996805111822,31.3,Robert Louis Stevenson
4.41869918699187,0.5142276422764228,0.13020833333333334,32.0,Robert Louis Stevenson
3.9649484536082475,0.47010309278350515,0.16216216216216217,27.347826086956523,Robert Louis Stevenson
4.012024048096192,0.48296593186372744,0.1529051987767584,29.727272727272727,Robert Louis Stevenson
4.151515151515151,0.5232323232323233,0.1579778830963665,30.142857142857142,Robert Louis Stevenson
4.038306451612903,0.5060483870967742,0.17054263565891473,29.318181818181817,Robert Louis Stevenson
3.888,0.44,0.15146831530139104,28.130434782608695,Robert Louis Stevenson
3.81563126252505,0.44889779559118237,0.16715976331360946,32.19047619047619,Robert Louis Stevenson
3.956175298804781,0.5239043824701195,0.14580031695721077,23.37037037037037,Robert Louis Stevenson
4.223762376237624,0.5168316831683168,0.12186978297161936,35.23529411764706,Robert Louis Stevenson
4.189134808853119,0.5211267605633803,0.1393841166936791,24.68,Robert Louis Stevenson
4.112449799196787,0.4879518072289157,0.13517915309446255,26.695652173913043,Robert Louis Stevenson
4.038152610441767,0.4759036144578313,0.13402061855670103,34.23529411764706,Robert Louis Stevenson
4.176352705410822,0.533066132264529,0.11805555555555555,30.31578947368421,Robert Louis Stevenson
4.324055666003976,0.5467196819085487,0.12244897959183673,29.4,Robert Louis Stevenson
4.137176938369781,0.49502982107355864,0.12956810631229235,30.1,Robert Louis Stevenson
4.129224652087475,0.5308151093439364,0.125,31.57894736842105,Robert Louis Stevenson
4.021782178217822,0.49306930693069306,0.10507880910683012,38.06666666666667,Robert Louis Stevenson
4.47011952191235,0.5059760956175299,0.1079646017699115,37.666666666666664,Robert Louis Stevenson
4.433399602385686,0.5188866799204771,0.12629757785467127,36.125,Robert Louis Stevenson
4.192384769539078,0.4789579158316633,0.12147887323943662,29.894736842105264,Robert Louis Stevenson
4.224448897795591,0.49899799599198397,0.11971830985915492,29.894736842105264,Robert Louis Stevenson
4.186,0.51,0.11170212765957446,37.6,Robert Louis Stevenson
4.150602409638554,0.4799196787148594,0.1289198606271777,31.88888888888889,Robert Louis Stevenson
4.497017892644135,0.510934393638171,0.12,35.9375,Robert Louis Stevenson
4.386773547094188,0.5230460921843687,0.12147887323943662,40.57142857142857,Robert Louis Stevenson
4.1002004008016035,0.5070140280561122,0.10873440285204991,31.166666666666668,Robert Louis Stevenson
4.222,0.534,0.1416382252559727,24.416666666666668,Robert Louis Stevenson
4.229249011857707,0.5158102766798419,0.12048192771084337,30.57894736842105,Robert Louis Stevenson
4.224899598393574,0.4919678714859438,0.11702127659574468,40.285714285714285,Robert Louis Stevenson
4.204,0.494,0.1146384479717813,37.8,Robert Louis Stevenson
4.147286821705427,0.7054263565891473,0.12244897959183673,24.5,Robert Louis Stevenson
4.106299212598425,0.5295275590551181,0.09122203098106713,29.05,Franz Kafka
3.9421965317919074,0.45857418111753373,0.09602649006622517,24.16,Franz Kafka
4.436758893280633,0.4881422924901186,0.11608623548922056,31.736842105263158,Franz Kafka
4.069721115537849,0.4442231075697211,0.08303249097472924,39.57142857142857,Franz Kafka
3.9766081871345027,0.4678362573099415,0.07876712328767123,27.80952380952381,Franz Kafka
4.077972709551657,0.4600389863547758,0.09181969949916527,26.043478260869566,Franz Kafka
3.9785992217898833,0.46108949416342415,0.10344827586206896,27.681818181818183,Franz Kafka
3.8842504743833017,0.47058823529411764,0.10112359550561797,23.074074074074073,Franz Kafka
4.214145383104126,0.5049115913555993,0.11239669421487604,23.26923076923077,Franz Kafka
4.1141732283464565,0.44881889763779526,0.09572649572649573,36.5625,Franz Kafka
4.075875486381323,0.5116731517509727,0.08404802744425385,29.15,Franz Kafka
4.1640625,0.455078125,0.09012131715771231,36.0625,Franz Kafka
4.231683168316832,0.45544554455445546,0.1076388888888889,48.0,Franz Kafka
4.180914512922465,0.441351888667992,0.08499095840867993,32.529411764705884,Franz Kafka
4.1301775147929,0.4418145956607495,0.08035714285714286,32.94117647058823,Franz Kafka
4.020080321285141,0.4538152610441767,0.0922242314647378,34.5625,Franz Kafka
4.237254901960784,0.48627450980392156,0.1,34.11764705882353,Franz Kafka
4.2727272727272725,0.45849802371541504,0.08963093145869948,37.93333333333333,Franz Kafka
4.217391304347826,0.4624505928853755,0.07950530035335689,31.444444444444443,Franz Kafka
4.43960396039604,0.48316831683168315,0.07414104882459313,34.5625,Franz Kafka
4.154761904761905,0.47619047619047616,0.09269162210338681,35.0625,Franz Kafka
4.091633466135458,0.3904382470119522,0.07509157509157509,42.0,Franz Kafka
4.155818540433925,0.4556213017751479,0.10260869565217391,38.333333333333336,Franz Kafka
3.9960629921259843,0.4409448818897638,0.07321428571428572,46.666666666666664,Franz Kafka
4.244140625,0.453125,0.08041958041958042,33.64705882352941,Franz Kafka
4.194444444444445,0.47023809523809523,0.08781362007168458,37.2,Franz Kafka
4.100790513833992,0.4624505928853755,0.12248322147651007,35.05882352941177,Franz Kafka
4.144,0.484,0.10350877192982456,47.5,Franz Kafka
4.399602385685885,0.5129224652087475,0.099644128113879,37.46666666666667,Franz Kafka
4.239299610894942,0.5077821011673151,0.08605851979345955,44.69230769230769,Franz Kafka
4.296442687747035,0.49407114624505927,0.07540394973070018,39.785714285714285,Franz Kafka
4.25984251968504,0.452755905511811,0.08141592920353982,56.5,Franz Kafka
4.163064833005894,0.46954813359528486,0.10120068610634649,41.642857142857146,Franz Kafka
4.221782178217822,0.45544554455445546,0.08849557522123894,28.25,Franz Kafka
4.257425742574258,0.4613861386138614,0.09347442680776014,31.5,Franz Kafka
4.2712871287128715,0.4514851485148515,0.0986159169550173,38.53333333333333,Franz Kafka
4.265346534653466,0.46732673267326735,0.08880994671403197,33.11764705882353,Franz Kafka
4.3339882121807465,0.48526522593320237,0.07692307692307693,40.857142857142854,Franz Kafka
3.9272030651340994,0.42337164750957856,0.09697933227344992,28.59090909090909,Franz Kafka
4.272365805168986,0.4731610337972167,0.0855614973262032,25.5,Franz Kafka
4.247011952191235,0.50199203187251,0.09330985915492958,28.4,Franz Kafka
4.214,0.474,0.12664473684210525,21.714285714285715,Franz Kafka
4.157894736842105,0.4716599190283401,0.10720562390158173,33.470588235294116,Franz Kafka
4.403628117913832,0.5260770975056689,0.11591355599214145,28.27777777777778,Franz Kafka
4.5237113402061855,0.5484536082474227,0.14974182444061962,30.57894736842105,Charlotte Bronte
4.344195519348268,0.5519348268839104,0.13941480206540446,32.27777777777778,Charlotte Bronte
4.582661290322581,0.5846774193548387,0.15599343185550082,46.84615384615385,Charlotte Bronte
4.368421052631579,0.5809716599190283,0.15359477124183007,30.6,Charlotte Bronte
4.130260521042084,0.5270541082164328,0.12542372881355932,42.142857142857146,Charlotte Bronte
3.935871743486974,0.5190380761523046,0.1622464898595944,22.892857142857142,Charlotte Bronte
4.024242424242424,0.4888888888888889,0.14583333333333334,36.705882352941174,Charlotte Bronte
4.347560975609756,0.5589430894308943,0.14507772020725387,44.53846153846154,Charlotte Bronte
4.51984126984127,0.5753968253968254,0.14918032786885246,32.10526315789474,Charlotte Bronte
4.367063492063492,0.5218253968253969,0.12074829931972789,36.75,Charlotte Bronte
4.1437125748503,0.5469061876247505,0.14469453376205788,22.214285714285715,Charlotte Bronte
4.238383838383839,0.5272727272727272,0.15436241610738255,31.36842105263158,Charlotte Bronte
4.133333333333334,0.5373737373737374,0.15048543689320387,34.333333333333336,Charlotte Bronte
4.294589178356714,0.5551102204408818,0.14213197969543148,42.214285714285715,Charlotte Bronte
3.9474747474747476,0.5272727272727272,0.16043613707165108,24.692307692307693,Charlotte Bronte
3.876267748478702,0.4827586206896552,0.14774494556765164,32.15,Charlotte Bronte
4.348884381338743,0.5091277890466531,0.14521452145214522,40.4,Charlotte Bronte
4.28169014084507,0.5513078470824949,0.14729950900163666,61.1,Charlotte Bronte
4.161290322580645,0.5443548387096774,0.11418685121107267,44.46153846153846,Charlotte Bronte
4.2730923694779115,0.5461847389558233,0.12195121951219512,57.4,Charlotte Bronte
4.279918864097363,0.539553752535497,0.1386481802426343,52.45454545454545,Charlotte Bronte
4.248971193415638,0.5185185185185185,0.16047297297297297,37.0,Charlotte Bronte
3.9427402862985685,0.5051124744376279,0.15639810426540285,33.31578947368421,Charlotte Bronte
4.224279835390947,0.5205761316872428,0.15235008103727715,38.5625,Charlotte Bronte
4.491769547325103,0.5267489711934157,0.16693418940609953,51.916666666666664,Charlotte Bronte
4.236139630390143,0.5646817248459959,0.16193656093489148,42.785714285714285,Charlotte Bronte
3.8922764227642275,0.4735772357723577,0.1634920634920635,27.391304347826086,Charlotte Bronte
4.346774193548387,0.5685483870967742,0.15217391304347827,33.22222222222222,Charlotte Bronte
3.774703557312253,0.4525691699604743,0.14349775784753363,30.40909090909091,Charlotte Bronte
3.9129554655870447,0.48785425101214575,0.13311148086522462,35.35294117647059,Charlotte Bronte
4.172690763052209,0.5321285140562249,0.13366336633663367,35.64705882352941,Charlotte Bronte
4.258517034068136,0.5290581162324649,0.15763546798029557,43.5,Charlotte Bronte
4.150905432595573,0.5150905432595574,0.13527397260273974,41.714285714285715,Charlotte Bronte
4.432865731462926,0.5250501002004008,0.1423785594639866,42.642857142857146,Charlotte Bronte
4.5392354124748495,0.5553319919517102,0.14527027027027026,28.19047619047619,Charlotte Bronte
4.312625250501002,0.5390781563126252,0.14046822742474915,42.714285714285715,Charlotte Bronte
4.419354838709677,0.5645161290322581,0.12714776632302405,34.23529411764706,Charlotte Bronte
4.105809128630705,0.495850622406639,0.1291866028708134,44.785714285714285,Charlotte Bronte
4.2044088176352705,0.5370741482965932,0.12317666126418152,41.13333333333333,Charlotte Bronte
4.33939393939394,0.5353535353535354,0.14720812182741116,36.9375,Charlotte Bronte
4.5,0.5526315789473685,0.13659359190556492,59.3,Charlotte Bronte
4.014314928425358,0.5132924335378323,0.1377049180327869,38.125,Charlotte Bronte
4.091463414634147,0.4898373983739837,0.1461794019933555,50.166666666666664,Charlotte Bronte
4.096969696969697,0.47474747474747475,0.13213703099510604,43.785714285714285,Charlotte Bronte
4.254473161033797,0.558648111332008,0.1352253756260434,39.93333333333333,Charlotte Bronte
4.692771084337349,0.5883534136546185,0.12280701754385964,35.625,Charlotte Bronte
4.4534412955465585,0.5445344129554656,0.1421232876712329,38.93333333333333,Charlotte Bronte
4.193548387096774,0.5342741935483871,0.1271186440677966,34.705882352941174,Charlotte Bronte
4.490118577075099,0.5533596837944664,0.13658536585365855,38.4375,Charlotte Bronte
4.477642276422764,0.5447154471544715,0.13194444444444445,52.36363636363637,Charlotte Bronte
4.076767676767677,0.5252525252525253,0.1458670988654781,38.5625,Charlotte Bronte
4.318548387096774,0.5604838709677419,0.13921901528013583,45.30769230769231,Charlotte Bronte
4.094567404426559,0.5573440643863179,0.13856427378964942,33.27777777777778,Charlotte Bronte
4.149402390438247,0.545816733067729,0.1352253756260434,54.45454545454545,Charlotte Bronte
4.022222222222222,0.498989898989899,0.14903846153846154,39.0,Charlotte Bronte
4.097107438016529,0.5020661157024794,0.16613418530351437,48.15384615384615,Charlotte Bronte
4.430555555555555,0.5476190476190477,0.12521440823327615,41.642857142857146,Charlotte Bronte
4.582995951417004,0.5890688259109311,0.15254237288135594,49.166666666666664,Charlotte Bronte
4.59026369168357,0.6146044624746451,0.14726027397260275,41.714285714285715,Charlotte Bronte
4.704453441295547,0.5850202429149798,0.1388888888888889,41.142857142857146,Charlotte Bronte
4.304,0.528,0.13620689655172413,38.666666666666664,Charlotte Bronte
3.9216867469879517,0.5,0.12521150592216582,42.214285714285715,Charlotte Bronte
4.0236220472440944,0.5059055118110236,0.1291390728476821,33.55555555555556,Charlotte Bronte
3.768292682926829,0.4796747967479675,0.16588419405320814,33.63157894736842,Charlotte Bronte
4.296969696969697,0.5636363636363636,0.13388429752066117,43.214285714285715,Charlotte Bronte
4.471774193548387,0.5383064516129032,0.14186851211072665,36.125,Charlotte Bronte
4.253012048192771,0.5140562248995983,0.1323024054982818,41.57142857142857,Charlotte Bronte
4.0606060606060606,0.5212121212121212,0.1457286432160804,27.136363636363637,Charlotte Bronte
4.2301425661914465,0.5356415478615071,0.1605960264900662,43.142857142857146,Charlotte Bronte
4.272912423625255,0.5458248472505092,0.16339869281045752,34.0,Charlotte Bronte
4.267893660531698,0.5112474437627812,0.13793103448275862,36.25,Charlotte Bronte
3.8804780876494025,0.4820717131474104,0.15639097744360902,47.5,Charlotte Bronte
3.943548387096774,0.4576612903225806,0.13853503184713375,44.857142857142854,Charlotte Bronte
4.130784708249497,0.5331991951710262,0.10526315789473684,63.333333333333336,Charlotte Bronte
3.942857142857143,0.5163265306122449,0.1563517915309446,36.11764705882353,Charlotte Bronte
4.077079107505071,0.5740365111561866,0.15569823434991975,34.611111111111114,Charlotte Bronte
3.9820717131474104,0.5059760956175299,0.12080536912751678,37.25,Charlotte Bronte
4.20523138832998,0.5432595573440644,0.1314878892733564,36.125,Charlotte Bronte
4.244047619047619,0.5297619047619048,0.13095238095238096,42.0,Charlotte Bronte
4.202,0.49,0.13556618819776714,27.26086956521739,Charlotte Bronte
4.028056112224449,0.4849699398797595,0.1402936378466558,36.05882352941177,Charlotte Bronte
4.0843373493975905,0.5301204819277109,0.13,40.0,Charlotte Bronte
4.127049180327869,0.5122950819672131,0.15449915110356535,34.64705882352941,Charlotte Bronte
4.266802443991853,0.5274949083503055,0.14910858995137763,47.46153846153846,Charlotte Bronte
4.387423935091278,0.5679513184584178,0.15057283142389524,38.1875,Charlotte Bronte
4.260606060606061,0.5494949494949495,0.17017828200972449,32.473684210526315,Charlotte Bronte
4.637651821862348,0.5870445344129555,0.15091210613598674,43.07142857142857,Charlotte Bronte
4.320079522862823,0.5248508946322068,0.14189189189189189,32.888888888888886,Charlotte Bronte
4.354251012145749,0.5789473684210527,0.1413793103448276,41.42857142857143,Charlotte Bronte
4.198795180722891,0.5622489959839357,0.14625850340136054,39.2,Charlotte Bronte
4.225099601593626,0.5318725099601593,0.15483870967741936,34.44444444444444,Charlotte Bronte
4.032520325203252,0.5,0.14992025518341306,44.785714285714285,Charlotte Bronte
3.8513238289205702,0.47046843177189407,0.14893617021276595,47.0,Charlotte Bronte
4.2368421052631575,0.5445344129554656,0.13344887348353554,57.7,Charlotte Bronte
3.9775051124744376,0.4887525562372188,0.16422764227642275,36.1764705882353,Charlotte Bronte
4.1214574898785425,0.5566801619433198,0.15097402597402598,38.5,Charlotte Bronte
4.326612903225806,0.5584677419354839,0.15397350993377484,28.761904761904763,Charlotte Bronte
4.059426229508197,0.5368852459016393,0.15023474178403756,33.63157894736842,Charlotte Bronte
4.158995815899582,0.5313807531380753,0.16012084592145015,36.77777777777778,Charlotte Bronte
4.11088295687885,0.4989733059548255,0.17708333333333334,29.217391304347824,Charlotte Bronte
4.3762575452716295,0.5613682092555332,0.1404399323181049,32.833333333333336,Charlotte Bronte
4.012345679012346,0.5123456790123457,0.16164817749603805,28.681818181818183,Charlotte Bronte
4.402439024390244,0.524390243902439,0.13448275862068965,34.11764705882353,Charlotte Bronte
4.3979591836734695,0.5775510204081633,0.17543859649122806,27.26086956521739,Charlotte Bronte
4.152439024390244,0.5264227642276422,0.17532467532467533,56.0,Charlotte Bronte
4.184210526315789,0.5263157894736842,0.16019417475728157,36.35294117647059,Charlotte Bronte
4.214428857715431,0.5370741482965932,0.15112540192926044,32.73684210526316,Charlotte Bronte
4.251020408163265,0.4775510204081633,0.15857605177993528,41.2,Charlotte Bronte
4.045454545454546,0.49209486166007904,0.1407528641571195,43.642857142857146,Charlotte Bronte
3.926,0.466,0.1330128205128205,34.666666666666664,Charlotte Bronte
4.119675456389452,0.4847870182555781,0.15408320493066255,64.9,Charlotte Bronte
4.082,0.538,0.16352201257861634,37.411764705882355,Charlotte Bronte
4.203629032258065,0.5584677419354839,0.15883306320907617,38.5625,Charlotte Bronte
4.216432865731463,0.561122244488978,0.13856427378964942,42.785714285714285,Charlotte Bronte
4.223340040241449,0.5513078470824949,0.14814814814814814,34.5,Charlotte Bronte
4.288,0.556,0.13957307060755336,32.05263157894737,Charlotte Bronte
4.163021868787276,0.5208747514910537,0.12837837837837837,49.333333333333336,Charlotte Bronte
4.409638554216867,0.5060240963855421,0.11971830985915492,40.57142857142857,Charlotte Bronte
4.295774647887324,0.5613682092555332,0.15604026845637584,22.923076923076923,Charlotte Bronte
4.1595959595959595,0.5050505050505051,0.16363636363636364,25.208333333333332,Charlotte Bronte
3.746987951807229,0.46586345381526106,0.16666666666666666,18.705882352941178,Charlotte Bronte
3.963855421686747,0.5,0.17189835575485798,26.76,Charlotte Bronte
4.096,0.54,0.151033386327504,28.59090909090909,Charlotte Bronte
4.3117408906882595,0.5101214574898786,0.15615141955835962,45.285714285714285,Charlotte Bronte
4.115151515151515,0.503030303030303,0.12622950819672132,50.833333333333336,Charlotte Bronte
4.386,0.548,0.1669316375198728,31.45,Charlotte Bronte
4.093686354378819,0.5621181262729125,0.15146579804560262,34.111111111111114,Charlotte Bronte
4.31275720164609,0.51440329218107,0.16369529983792544,38.5625,Charlotte Bronte
4.388663967611336,0.5769230769230769,0.14545454545454545,25.208333333333332,Charlotte Bronte
4.582995951417004,0.6012145748987854,0.1737012987012987,36.23529411764706,Charlotte Bronte
4.2565130260521045,0.5410821643286573,0.12033898305084746,45.38461538461539,Charlotte Bronte
4.339468302658487,0.5623721881390593,0.1567291311754685,41.92857142857143,Charlotte Bronte
4.286561264822135,0.5335968379446641,0.14668769716088328,37.294117647058826,Charlotte Bronte
4.269230769230769,0.5910931174089069,0.16025641025641027,32.8421052631579,Charlotte Bronte
4.353658536585366,0.573170731707317,0.14285714285714285,35.0,Charlotte Bronte
4.242299794661191,0.5338809034907598,0.14165261382799327,34.88235294117647,Charlotte Bronte
4.244939271255061,0.5607287449392713,0.1319796954314721,39.4,Charlotte Bronte
4.257668711656442,0.5623721881390593,0.151618398637138,26.681818181818183,Charlotte Bronte
4.534136546184739,0.5180722891566265,0.1875993640699523,25.16,Charlotte Bronte
4.2591093117408905,0.5263157894736842,0.16176470588235295,34.0,Charlotte Bronte
4.252988047808765,0.5,0.1478405315614618,37.625,Charlotte Bronte
4.178714859437751,0.5341365461847389,0.1493288590604027,25.91304347826087,Charlotte Bronte
4.077079107505071,0.5273833671399595,0.16149068322981366,28.0,Charlotte Bronte
4.227926078028747,0.5400410677618069,0.16901408450704225,53.25,Charlotte Bronte
4.114519427402863,0.558282208588957,0.15235008103727715,34.27777777777778,Charlotte Bronte
4.076131687242798,0.551440329218107,0.15880503144654087,30.285714285714285,Charlotte Bronte
4.535641547861507,0.5926680244399185,0.16086235489220563,31.736842105263158,Charlotte Bronte
4.5465587044534415,0.5607287449392713,0.14745762711864407,32.77777777777778,Charlotte Bronte
4.452138492871691,0.5580448065173116,0.15270935960591134,32.05263157894737,Charlotte Bronte
4.479371316306484,0.5225933202357563,0.1273031825795645,37.3125,Charlotte Bronte
4.516831683168316,0.5306930693069307,0.12897822445561138,42.642857142857146,Charlotte Bronte
4.48995983935743,0.5281124497991968,0.136986301369863,41.714285714285715,Charlotte Bronte
4.432377049180328,0.5327868852459017,0.15577889447236182,35.11764705882353,Charlotte Bronte
4.259713701431493,0.5296523517382413,0.15,35.294117647058826,Charlotte Bronte
4.167676767676768,0.5353535353535354,0.14896988906497624,48.53846153846154,Charlotte Bronte
4.1643564356435645,0.5089108910891089,0.16101694915254236,25.285714285714285,Charlotte Bronte
4.4397590361445785,0.5301204819277109,0.14710743801652892,24.2,Charlotte Bronte
4.108433734939759,0.5180722891566265,0.13277310924369748,37.1875,Charlotte Bronte
3.787321063394683,0.46421267893660534,0.14573643410852713,40.3125,Charlotte Bronte
3.889795918367347,0.49387755102040815,0.14397496087636932,29.045454545454547,Charlotte Bronte
4.306910569105691,0.483739837398374,0.14218009478672985,37.23529411764706,Charlotte Bronte
4.228915662650603,0.5341365461847389,0.15235008103727715,29.38095238095238,Charlotte Bronte
4.061507936507937,0.5416666666666666,0.15625,26.666666666666668,Charlotte Bronte
3.953252032520325,0.4695121951219512,0.1804733727810651,30.727272727272727,Charlotte Bronte
3.818556701030928,0.4556701030927835,0.1722560975609756,43.733333333333334,Charlotte Bronte
4.261386138613862,0.5346534653465347,0.17417417417417416,20.181818181818183,Charlotte Bronte
4.151093439363817,0.5407554671968191,0.1488673139158576,23.76923076923077,Charlotte Bronte
3.940451745379877,0.49691991786447637,0.17492260061919504,26.916666666666668,Charlotte Bronte
4.131889763779528,0.547244094488189,0.1467304625199362,28.5,Charlotte Bronte
4.294466403162056,0.5059288537549407,0.13036303630363036,27.545454545454547,Charlotte Bronte
4.108216432865731,0.5150300601202404,0.17496229260935142,25.5,Charlotte Bronte
3.997995991983968,0.5150300601202404,0.1696969696969697,30.0,Charlotte Bronte
4.022540983606557,0.5020491803278688,0.16796267496111975,32.15,Charlotte Bronte
3.973523421588595,0.5539714867617108,0.1545595054095827,49.76923076923077,Charlotte Bronte
3.8004032258064515,0.46169354838709675,0.17289719626168223,37.76470588235294,Charlotte Bronte
4.555776892430279,0.5876494023904383,0.14634146341463414,41.0,Charlotte Bronte
4.151696606786427,0.5289421157684631,0.14149443561208266,29.952380952380953,Charlotte Bronte
3.9759036144578315,0.5120481927710844,0.12315270935960591,35.8235294117647,Charlotte Bronte
4.060483870967742,0.5040322580645161,0.14497528830313014,35.705882352941174,Charlotte Bronte
3.921810699588477,0.47530864197530864,0.15454545454545454,30.0,Charlotte Bronte
3.845679012345679,0.48148148148148145,0.17982456140350878,29.73913043478261,Charlotte Bronte
3.8215767634854774,0.483402489626556,0.17664670658682635,37.111111111111114,Charlotte Bronte
4.152610441767068,0.5180722891566265,0.12152777777777778,33.88235294117647,Charlotte Bronte
4.489151873767258,0.5581854043392505,0.12,37.5,Charlotte Bronte
4.008130081300813,0.5203252032520326,0.13445378151260504,37.1875,Charlotte Bronte
4.129482071713148,0.5239043824701195,0.12312811980033278,25.041666666666668,Charlotte Bronte
3.83921568627451,0.49411764705882355,0.12091503267973856,25.5,Charlotte Bronte
4.176470588235294,0.5598377281947262,0.15604026845637584,25.91304347826087,Charlotte Bronte
4.332007952286283,0.532803180914513,0.1345514950166113,22.296296296296298,Charlotte Bronte
4.328657314629258,0.5210420841683366,0.1288135593220339,32.77777777777778,Charlotte Bronte
4.257425742574258,0.5485148514851486,0.13109243697478992,42.5,Charlotte Bronte
4.154455445544555,0.5128712871287129,0.1349206349206349,35.0,Charlotte Bronte
3.834343434343434,0.48484848484848486,0.13584288052373159,30.55,Charlotte Bronte
3.9301397205588824,0.5169660678642715,0.13861386138613863,31.894736842105264,Charlotte Bronte
4.271084337349397,0.5341365461847389,0.12307692307692308,32.5,Charlotte Bronte
4.122736418511066,0.5191146881287726,0.1315345699831366,37.0625,Charlotte Bronte
4.072,0.506,0.12162162162162163,39.46666666666667,Charlotte Bronte
3.7786561264822134,0.5296442687747036,0.13278688524590163,22.59259259259259,Charlotte Bronte
3.8857715430861726,0.4909819639278557,0.12807881773399016,30.45,Charlotte Bronte
4.170340681362726,0.5370741482965932,0.11208406304728546,35.6875,Charlotte Bronte
4.104417670682731,0.5642570281124498,0.14597315436241612,33.111111111111114,Charlotte Bronte
4.0,0.5253549695740365,0.13166666666666665,46.15384615384615,Charlotte Bronte
3.886,0.484,0.16292974588938713,66.9,Charlotte Bronte
4.00804828973843,0.4969818913480885,0.15165876777251186,39.5625,Charlotte Bronte
3.970530451866405,0.45579567779960706,0.15915915915915915,25.615384615384617,Charlotte Bronte
3.7408906882591095,0.46963562753036436,0.16041979010494753,39.23529411764706,Charlotte Bronte
3.88394584139265,0.4332688588007737,0.1467236467236467,27.0,Charlotte Bronte
4.002040816326531,0.5122448979591837,0.1507537688442211,24.875,Charlotte Bronte
3.983805668016194,0.5080971659919028,0.1674491392801252,25.56,Charlotte Bronte
3.9583333333333335,0.5158730158730159,0.1497659906396256,37.705882352941174,Charlotte Bronte
3.9458917835671343,0.4649298597194389,0.1596244131455399,42.6,Charlotte Bronte
3.933734939759036,0.46586345381526106,0.14728682170542637,30.714285714285715,Charlotte Bronte
4.022088353413655,0.4939759036144578,0.1389776357827476,29.80952380952381,Charlotte Bronte
4.036290322580645,0.5040322580645161,0.15639810426540285,24.346153846153847,Charlotte Bronte
3.9171717171717173,0.48282828282828283,0.15805946791862285,29.045454545454547,Charlotte Bronte
3.987878787878788,0.501010101010101,0.14969135802469136,36.0,Charlotte Bronte
3.8024193548387095,0.5040322580645161,0.13838550247116968,37.9375,Charlotte Bronte
3.9556451612903225,0.5080645161290323,0.1390728476821192,37.75,Charlotte Bronte
3.9274193548387095,0.4737903225806452,0.14683153013910355,38.05882352941177,Charlotte Bronte
4.002008032128514,0.5120481927710844,0.15483870967741936,32.63157894736842,Charlotte Bronte
4.072289156626506,0.5321285140562249,0.14630225080385853,38.875,Charlotte Bronte
4.197979797979798,0.5494949494949495,0.14918032786885246,38.125,Charlotte Bronte
4.354969574036511,0.5598377281947262,0.16501650165016502,31.894736842105264,Charlotte Bronte
4.171717171717172,0.5636363636363636,0.1362862010221465,45.15384615384615,Charlotte Bronte
3.904,0.508,0.14942528735632185,26.47826086956522,Charlotte Bronte
3.6899383983572895,0.4620123203285421,0.16692426584234932,34.05263157894737,Charlotte Bronte
4.08,0.51,0.15789473684210525,30.761904761904763,Charlotte Bronte
4.206,0.546,0.13445378151260504,35.0,Charlotte Bronte
3.9879275653923543,0.5271629778672032,0.15584415584415584,28.0,Charlotte Bronte
3.9857723577235773,0.4715447154471545,0.18333333333333332,34.73684210526316,Charlotte Bronte
4.108910891089109,0.5168316831683168,0.14576802507836992,35.44444444444444,Charlotte Bronte
3.9616161616161616,0.5050505050505051,0.1498371335504886,32.31578947368421,Charlotte Bronte
3.9403292181069958,0.5082304526748971,0.15544871794871795,31.2,Charlotte Bronte
4.3232323232323235,0.5555555555555556,0.14527027027027026,37.0,Charlotte Bronte
4.287190082644628,0.5392561983471075,0.15683229813664595,30.666666666666668,Charlotte Bronte
4.190763052208835,0.5381526104417671,0.17488789237668162,39.35294117647059,Charlotte Bronte
4.210843373493976,0.5682730923694779,0.17896389324960754,25.48,Charlotte Bronte
4.233739837398374,0.5670731707317073,0.18167938931297709,26.2,Charlotte Bronte
4.1214574898785425,0.520242914979757,0.15737704918032788,23.46153846153846,Charlotte Bronte
4.322709163346613,0.5358565737051793,0.17656500802568217,32.78947368421053,Charlotte Bronte
3.978043912175649,0.5289421157684631,0.13179571663920922,46.69230769230769,Charlotte Bronte
3.89662027833002,0.5248508946322068,0.14724919093851133,21.310344827586206,Charlotte Bronte
3.7971887550200805,0.4879518072289157,0.15151515151515152,33.0,Charlotte Bronte
4.133858267716535,0.515748031496063,0.12337662337662338,88.0,Charlotte Bronte
3.94188376753507,0.4729458917835671,0.13793103448275862,29.0,Charlotte Bronte
3.863095238095238,0.503968253968254,0.14748784440842788,22.85185185185185,Charlotte Bronte
3.9153225806451615,0.4778225806451613,0.152,24.03846153846154,Charlotte Bronte
4.074446680080483,0.5110663983903421,0.14950166112956811,24.08,Charlotte Bronte
4.40748031496063,0.5393700787401575,0.12583892617449666,37.25,Charlotte Bronte
4.195266272189349,0.5167652859960552,0.13517915309446255,47.23076923076923,Charlotte Bronte
4.286561264822135,0.5454545454545454,0.12251655629139073,35.529411764705884,Charlotte Bronte
4.297029702970297,0.5485148514851486,0.12100840336134454,35.0,Charlotte Bronte
4.087824351297405,0.500998003992016,0.14006514657980457,26.695652173913043,Charlotte Bronte
4.106508875739645,0.5167652859960552,0.14169381107491857,22.74074074074074,Charlotte Bronte
4.031558185404339,0.5207100591715976,0.12054329371816638,26.772727272727273,Charlotte Bronte
4.310891089108911,0.504950495049505,0.12585034013605442,34.588235294117645,Charlotte Bronte
4.119373776908024,0.5088062622309197,0.12561174551386622,36.05882352941177,Charlotte Bronte
4.002020202020202,0.494949494949495,0.14573643410852713,21.5,Charlotte Bronte
4.1380670611439845,0.5009861932938856,0.15544871794871795,24.96,Charlotte Bronte
3.9643564356435643,0.504950495049505,0.15902140672782875,25.153846153846153,Charlotte Bronte
3.9074446680080483,0.4969818913480885,0.15849673202614378,21.857142857142858,Charlotte Bronte
3.9148514851485148,0.500990099009901,0.14166666666666666,18.75,Charlotte Bronte
3.918,0.532,0.15008431703204048,28.238095238095237,Charlotte Bronte
4.106,0.53,0.14261460101867574,26.772727272727273,Charlotte Bronte
4.114,0.53,0.14213197969543148,21.107142857142858,Charlotte Bronte
4.178714859437751,0.5341365461847389,0.13573883161512026,19.4,Charlotte Bronte
4.044534412955466,0.4959514170040486,0.14903846153846154,18.352941176470587,Charlotte Bronte
4.101190476190476,0.5,0.13408723747980614,28.136363636363637,Charlotte Bronte
3.9494949494949494,0.4868686868686869,0.13953488372093023,24.08,Charlotte Bronte
4.0936254980079685,0.5378486055776892,0.15705128205128205,19.5,Charlotte Bronte
4.041666666666667,0.5198412698412699,0.12947189097103917,23.48,Charlotte Bronte
4.252988047808765,0.547808764940239,0.1407528641571195,30.55,Charlotte Bronte
3.742063492063492,0.5238095238095238,0.1326219512195122,38.588235294117645,Charlotte Bronte
3.7317554240631163,0.48717948717948717,0.13855421686746988,23.714285714285715,Charlotte Bronte
3.9150197628458496,0.5079051383399209,0.16415662650602408,18.97142857142857,Charlotte Bronte
3.8755020080321283,0.4859437751004016,0.15419847328244274,22.586206896551722,Charlotte Bronte
4.140562248995984,0.5301204819277109,0.13109243697478992,27.045454545454547,Charlotte Bronte
4.1923076923076925,0.548582995951417,0.145,22.22222222222222,Charlotte Bronte
3.8536082474226805,0.49896907216494846,0.16467065868263472,37.111111111111114,Charlotte Bronte
3.888663967611336,0.5020242914979757,0.1273006134969325,36.22222222222222,Charlotte Bronte
4.090543259557344,0.5291750503018109,0.1388888888888889,32.21052631578947,Charlotte Bronte
4.214141414141414,0.5656565656565656,0.1637239165329053,28.318181818181817,Charlotte Bronte
4.251521298174442,0.5294117647058824,0.1421647819063005,25.791666666666668,Charlotte Bronte
4.038152610441767,0.4839357429718876,0.1482084690553746,29.238095238095237,Charlotte Bronte
3.969199178644764,0.5051334702258727,0.1650485436893204,41.2,Charlotte Bronte
4.237322515212981,0.5253549695740365,0.14833333333333334,33.333333333333336,Charlotte Bronte
4.451485148514852,0.5425742574257426,0.12859560067681894,26.863636363636363,Charlotte Bronte
4.613725490196078,0.5647058823529412,0.11394557823129252,34.588235294117645,Charlotte Bronte
4.234939759036145,0.5401606425702812,0.1152542372881356,45.38461538461539,Charlotte Bronte
4.227091633466135,0.5318725099601593,0.13562091503267973,40.8,Charlotte Bronte
4.195564516129032,0.5,0.15038759689922482,28.043478260869566,Charlotte Bronte
4.33,0.552,0.15079365079365079,18.529411764705884,Charlotte Bronte
4.224032586558045,0.5315682281059063,0.14821124361158433,23.48,Charlotte Bronte
4.185185185185185,0.5224171539961013,0.13915857605177995,32.526315789473685,Charlotte Bronte
4.083832335329341,0.530938123752495,0.15024232633279483,30.95,Charlotte Bronte
4.241584158415842,0.5603960396039604,0.12312811980033278,46.23076923076923,Charlotte Bronte
4.275653923541247,0.5653923541247485,0.16501650165016502,43.285714285714285,Charlotte Bronte
3.9734151329243352,0.5276073619631901,0.16062992125984252,25.4,Charlotte Bronte
4.155737704918033,0.5307377049180327,0.17207792207792208,17.11111111111111,Charlotte Bronte
4.679920477137177,0.5666003976143141,0.15599343185550082,35.8235294117647,Charlotte Bronte
4.274900398406374,0.5318725099601593,0.13827993254637436,29.65,Charlotte Bronte
4.371369294605809,0.5456431535269709,0.18811881188118812,28.857142857142858,Charlotte Bronte
4.191616766467066,0.5329341317365269,0.13377926421404682,24.916666666666668,Charlotte Bronte
4.173387096774194,0.5544354838709677,0.15880503144654087,21.93103448275862,Charlotte Bronte
4.183098591549296,0.5130784708249497,0.1323529411764706,27.818181818181817,Charlotte Bronte
4.25343811394892,0.5363457760314342,0.12025316455696203,27.47826086956522,Charlotte Bronte
4.369781312127237,0.5546719681908548,0.14100486223662884,23.73076923076923,Charlotte Bronte
4.338056680161944,0.5404858299595142,0.16237942122186494,23.923076923076923,Charlotte Bronte
4.104838709677419,0.5645161290322581,0.13079470198675497,30.2,Charlotte Bronte
4.069387755102041,0.5306122448979592,0.15085536547433903,33.8421052631579,Charlotte Bronte
4.29,0.534,0.1454248366013072,34.0,Charlotte Bronte
4.261133603238866,0.5101214574898786,0.1540785498489426,30.09090909090909,Charlotte Bronte
4.152304609218437,0.5511022044088176,0.152276295133438,27.695652173913043,Charlotte Bronte
4.183299389002037,0.5193482688391039,0.18358208955223881,35.26315789473684,Charlotte Bronte
4.035363457760314,0.5265225933202358,0.16314199395770393,30.09090909090909,Charlotte Bronte
4.247983870967742,0.49193548387096775,0.14796747967479676,26.73913043478261,Charlotte Bronte
4.144288577154309,0.46092184368737477,0.1518987341772152,30.095238095238095,Charlotte Bronte
4.300403225806452,0.5362903225806451,0.13139931740614336,36.625,Charlotte Bronte
4.04320987654321,0.4876543209876543,0.14426229508196722,35.88235294117647,Charlotte Bronte
4.329938900203666,0.5580448065173116,0.14524207011686144,29.95,Charlotte Bronte
4.3107569721115535,0.5258964143426295,0.12798634812286688,27.904761904761905,Charlotte Bronte
4.480314960629921,0.5590551181102362,0.13344316309719934,23.346153846153847,Charlotte Bronte
4.179640718562874,0.5349301397205589,0.14583333333333334,32.8421052631579,Charlotte Bronte
4.2716297786720325,0.5331991951710262,0.135678391959799,49.75,Charlotte Bronte
4.162271805273834,0.5050709939148073,0.14453781512605043,42.5,Charlotte Bronte
4.197183098591549,0.5191146881287726,0.1454849498327759,35.1764705882353,Charlotte Bronte
4.262195121951219,0.5508130081300813,0.14359861591695502,28.9,Charlotte Bronte
4.296747967479675,0.5548780487804879,0.15333333333333332,50.0,Charlotte Bronte
3.9578313253012047,0.5120481927710844,0.1371610845295056,39.1875,Charlotte Bronte
3.927308447937132,0.46954813359528486,0.1312,27.17391304347826,Charlotte Bronte
4.328031809145129,0.5308151093439364,0.14046822742474915,28.476190476190474,Charlotte Bronte
4.023856858846918,0.5009940357852882,0.1507293354943274,22.035714285714285,Charlotte Bronte
3.9450980392156865,0.44901960784313727,0.14018691588785046,24.692307692307693,Charlotte Bronte
4.439363817097416,0.5447316103379721,0.13311148086522462,35.35294117647059,Charlotte Bronte
4.015968063872256,0.48502994011976047,0.1510015408320493,32.45,Charlotte Bronte
4.124,0.506,0.1318864774624374,27.227272727272727,Charlotte Bronte
4.286282306163022,0.5308151093439364,0.11672473867595819,38.266666666666666,Charlotte Bronte
3.995876288659794,0.47010309278350515,0.16155088852988692,18.757575757575758,Charlotte Bronte
4.19,0.5,0.14772727272727273,23.692307692307693,Charlotte Bronte
3.885947046843177,0.47657841140529533,0.13915857605177995,24.72,Charlotte Bronte
4.056565656565657,0.45454545454545453,0.15132605304212168,26.708333333333332,Charlotte Bronte
4.271457085828343,0.5209580838323353,0.12457337883959044,36.625,Charlotte Bronte
3.9960474308300395,0.49407114624505927,0.13210702341137123,27.181818181818183,Charlotte Bronte
4.101960784313725,0.5,0.15707620528771385,18.91176470588235,Charlotte Bronte
3.986220472440945,0.5216535433070866,0.15789473684210525,19.575757575757574,Charlotte Bronte
4.221556886227545,0.5329341317365269,0.12751677852348994,28.38095238095238,Charlotte Bronte
4.046092184368738,0.5250501002004008,0.1323283082077052,23.88,Charlotte Bronte
4.203921568627451,0.5372549019607843,0.13398692810457516,21.103448275862068,Charlotte Bronte
4.218436873747495,0.5651302605210421,0.15522875816993464,18.0,Charlotte Bronte
4.132149901380671,0.4832347140039448,0.1649331352154532,20.393939393939394,Charlotte Bronte
3.8363273453093814,0.469061876247505,0.13957307060755336,35.8235294117647,Charlotte Bronte
3.744466800804829,0.4607645875251509,0.15501519756838905,31.333333333333332,Charlotte Bronte
4.2926829268292686,0.5650406504065041,0.14214046822742474,27.181818181818183,Charlotte Bronte
4.092369477911647,0.5321285140562249,0.146218487394958,24.791666666666668,Charlotte Bronte
3.926977687626775,0.48884381338742394,0.16051364365971107,27.08695652173913,Charlotte Bronte
3.768924302788845,0.4442231075697211,0.19543509272467904,19.47222222222222,Charlotte Bronte
3.98019801980198,0.46732673267326735,0.15337423312883436,29.636363636363637,Charlotte Bronte
3.8607843137254902,0.46078431372549017,0.13169984686064318,38.411764705882355,Charlotte Bronte
3.951219512195122,0.5040650406504065,0.1620745542949757,29.38095238095238,Charlotte Bronte
3.8668032786885247,0.49385245901639346,0.1426256077795786,36.294117647058826,Charlotte Bronte
4.118236472945892,0.5390781563126252,0.13389830508474576,23.6,Charlotte Bronte
4.109958506224066,0.47925311203319504,0.1899696048632219,28.608695652173914,Charlotte Bronte
4.063291139240507,0.4810126582278481,0.16475644699140402,36.73684210526316,Charlotte Bronte
3.791164658634538,0.4819277108433735,0.1669266770670827,20.03125,Charlotte Bronte
3.876267748478702,0.4665314401622718,0.16071428571428573,28.0,Charlotte Bronte
4.016,0.532,0.15705128205128205,26.0,Charlotte Bronte
4.189083820662768,0.4951267056530214,0.14130434782608695,26.833333333333332,Charlotte Bronte
4.004,0.518,0.1308562197092084,34.388888888888886,Charlotte Bronte
4.1202404809619235,0.5370741482965932,0.13139931740614336,29.3,Charlotte Bronte
3.9429133858267718,0.4822834645669291,0.13245033112582782,28.761904761904763,Charlotte Bronte
4.237244897959184,0.5586734693877551,0.14906832298136646,28.41176470588235,Charlotte Bronte
