avg_word_len,ttr,punc_density,avg_sent_len,author
4.938566552901024,0.5631399317406144,0.06594885598923284,20.08108108108108,H.P. Lovecraft
4.60233918128655,0.5750487329434698,0.0506108202443281,47.75,H.P. Lovecraft
3.6679611650485437,0.4524271844660194,0.12868217054263567,20.806451612903224,H.P. Lovecraft
3.867446393762183,0.49707602339181284,0.1510574018126888,27.583333333333332,H.P. Lovecraft
3.963035019455253,0.490272373540856,0.11774193548387096,20.666666666666668,H.P. Lovecraft
3.385229540918164,0.3772455089820359,0.17875647668393782,35.09090909090909,H.P. Lovecraft
4.165009940357853,0.5129224652087475,0.11627906976744186,24.08,H.P. Lovecraft
3.90978886756238,0.4932821497120921,0.12855007473841554,23.06896551724138,H.P. Lovecraft
4.038229376257545,0.482897384305835,0.24820659971305595,13.150943396226415,H.P. Lovecraft
3.731060606060606,0.4564393939393939,0.15036496350364964,34.25,H.P. Lovecraft
4.121272365805169,0.5089463220675944,0.13333333333333333,30.75,H.P. Lovecraft
4.363453815261044,0.5682730923694779,0.10405643738977072,28.35,H.P. Lovecraft
4.139165009940358,0.4970178926441352,0.11092150170648464,32.55555555555556,H.P. Lovecraft
4.091633466135458,0.5139442231075697,0.12006861063464837,29.15,H.P. Lovecraft
4.194,0.532,0.12,27.38095238095238,H.P. Lovecraft
3.8275862068965516,0.4272030651340996,0.1332378223495702,34.9,H.P. Lovecraft
4.268389662027833,0.5149105367793241,0.12271973466003316,28.714285714285715,H.P. Lovecraft
4.344554455445545,0.5168316831683168,0.10714285714285714,36.75,H.P. Lovecraft
4.202020202020202,0.5272727272727272,0.10600706713780919,37.733333333333334,H.P. Lovecraft
4.412790697674419,0.5290697674418605,0.0991869918699187,29.285714285714285,H.P. Lovecraft
4.236790606653621,0.5107632093933464,0.11386138613861387,28.857142857142858,H.P. Lovecraft
3.9904580152671754,0.4866412213740458,0.1282051282051282,30.136363636363637,H.P. Lovecraft
4.169042769857434,0.5173116089613035,0.1416382252559727,32.55555555555556,H.P. Lovecraft
4.233201581027668,0.48023715415019763,0.08849557522123894,43.46153846153846,H.P. Lovecraft
4.202404809619239,0.48697394789579157,0.13969335604770017,27.952380952380953,H.P. Lovecraft
4.388,0.512,0.10619469026548672,22.6,H.P. Lovecraft
3.81573896353167,0.418426103646833,0.20445609436435125,14.96078431372549,H.P. Lovecraft
4.0,0.502970297029703,0.11205432937181664,25.608695652173914,H.P. Lovecraft
3.6112224448897794,0.4348697394789579,0.17787114845938376,25.5,H.P. Lovecraft
3.541425818882466,0.41811175337186895,0.15223463687150837,26.51851851851852,H.P. Lovecraft
3.9404761904761907,0.5178571428571429,0.1432791728212703,21.15625,H.P. Lovecraft
3.8333333333333335,0.4470588235294118,0.13412816691505217,19.17142857142857,H.P. Lovecraft
4.076458752515091,0.5573440643863179,0.1267123287671233,26.545454545454547,H.P. Lovecraft
3.8062622309197653,0.45596868884540115,0.11446740858505565,28.59090909090909,H.P. Lovecraft
3.537254901960784,0.4196078431372549,0.16759002770083103,23.29032258064516,H.P. Lovecraft
3.662878787878788,0.38825757575757575,0.15722379603399433,21.393939393939394,H.P. Lovecraft
4.118236472945892,0.5090180360721442,0.12413793103448276,23.2,H.P. Lovecraft
4.366197183098592,0.5291750503018109,0.15702479338842976,20.862068965517242,H.P. Lovecraft
4.219758064516129,0.530241935483871,0.12941176470588237,22.884615384615383,H.P. Lovecraft
4.049603174603175,0.5138888888888888,0.1529051987767584,23.357142857142858,H.P. Lovecraft
4.19,0.528,0.12393887945670629,18.40625,H.P. Lovecraft
3.72,0.4723809523809524,0.16731517509727625,15.73469387755102,H.P. Lovecraft
4.120315581854044,0.4891518737672584,0.1280388978930308,26.82608695652174,H.P. Lovecraft
3.5502846299810247,0.4459203036053131,0.16783216783216784,18.333333333333332,H.P. Lovecraft
3.9205426356589146,0.4844961240310077,0.1585014409221902,25.703703703703702,H.P. Lovecraft
3.9194499017681728,0.5068762278978389,0.16204379562043797,25.37037037037037,H.P. Lovecraft
3.8469184890656063,0.5009940357852882,0.21763085399449036,16.88372093023256,H.P. Lovecraft
4.08300395256917,0.5158102766798419,0.1264559068219634,24.04,H.P. Lovecraft
4.3056092843326885,0.5357833655705996,0.1189358372456964,21.3,H.P. Lovecraft
4.2215686274509805,0.5137254901960784,0.10806451612903226,32.63157894736842,H.P. Lovecraft
4.097847358121331,0.487279843444227,0.12038523274478331,23.074074074074073,H.P. Lovecraft
4.20523138832998,0.5010060362173038,0.11876075731497418,25.26086956521739,H.P. Lovecraft
4.175050301810865,0.5251509054325956,0.1273344651952462,20.310344827586206,H.P. Lovecraft
3.883168316831683,0.4772277227722772,0.1534954407294833,21.933333333333334,H.P. Lovecraft
4.082191780821918,0.50293542074364,0.12908496732026145,27.818181818181817,H.P. Lovecraft
4.261663286004056,0.5496957403651116,0.12371134020618557,25.304347826086957,H.P. Lovecraft
4.198770491803279,0.5532786885245902,0.17519379844961241,24.807692307692307,H.P. Lovecraft
3.9669260700389106,0.5155642023346303,0.12848297213622292,32.3,H.P. Lovecraft
3.931237721021611,0.4675834970530452,0.13484848484848486,24.444444444444443,H.P. Lovecraft
4.363273453093813,0.5229540918163673,0.10899653979238755,30.42105263157895,H.P. Lovecraft
4.305220883534137,0.5562248995983936,0.11072056239015818,37.93333333333333,H.P. Lovecraft
4.3585657370517925,0.545816733067729,0.12271973466003316,20.79310344827586,H.P. Lovecraft
4.254901960784314,0.4980392156862745,0.13538461538461538,28.26086956521739,H.P. Lovecraft
4.283433133732535,0.5249500998003992,0.10862068965517241,26.363636363636363,H.P. Lovecraft
3.6948818897637796,0.4566929133858268,0.16163141993957703,23.642857142857142,H.P. Lovecraft
4.308764940239044,0.5039840637450199,0.11512027491408934,24.25,H.P. Lovecraft
4.174950298210735,0.5427435387673957,0.12351945854483926,21.88888888888889,H.P. Lovecraft
4.282051282051282,0.5187376725838264,0.10186757215619695,26.772727272727273,H.P. Lovecraft
3.605769230769231,0.40576923076923077,0.17379310344827587,15.425531914893616,H.P. Lovecraft
3.7040618955512574,0.4158607350096712,0.15070422535211267,21.515151515151516,H.P. Lovecraft
4.241715399610136,0.5126705653021443,0.14106583072100312,19.333333333333332,H.P. Lovecraft
4.609218436873747,0.5450901803607214,0.12062937062937062,23.833333333333332,H.P. Lovecraft
4.416334661354582,0.5159362549800797,0.11713286713286714,24.869565217391305,H.P. Lovecraft
4.223091976516634,0.5225048923679061,0.1272430668841762,29.19047619047619,H.P. Lovecraft
4.6913827655310625,0.561122244488978,0.12390924956369982,35.8125,H.P. Lovecraft
3.9805068226120857,0.5048732943469786,0.11838006230529595,33.78947368421053,H.P. Lovecraft
3.444234404536862,0.3648393194706994,0.16015625,20.756756756756758,H.P. Lovecraft
3.647749510763209,0.436399217221135,0.12172573189522343,32.45,H.P. Lovecraft
4.154150197628459,0.49209486166007904,0.12151067323481117,22.555555555555557,H.P. Lovecraft
4.028169014084507,0.5090543259557344,0.13853503184713375,24.153846153846153,H.P. Lovecraft
4.079457364341085,0.4941860465116279,0.13228346456692913,19.242424242424242,H.P. Lovecraft
3.603846153846154,0.4076923076923077,0.11093990755007704,32.45,H.P. Lovecraft
3.6107899807321773,0.44315992292870904,0.13649851632047477,35.473684210526315,H.P. Lovecraft
4.071287128712871,0.4772277227722772,0.12666666666666668,20.689655172413794,H.P. Lovecraft
3.8336557059961316,0.4564796905222437,0.11254019292604502,23.037037037037038,H.P. Lovecraft
4.416015625,0.533203125,0.12218649517684887,17.771428571428572,H.P. Lovecraft
4.549603174603175,0.5297619047619048,0.09913043478260869,28.75,H.P. Lovecraft
4.781563126252505,0.5691382765531062,0.11947626841243862,27.772727272727273,H.P. Lovecraft
4.5,0.5783132530120482,0.13376835236541598,29.19047619047619,H.P. Lovecraft
4.441117764471058,0.5768463073852296,0.11703958691910499,30.57894736842105,H.P. Lovecraft
4.23046875,0.509765625,0.09797297297297297,25.73913043478261,H.P. Lovecraft
4.463220675944334,0.510934393638171,0.10782608695652174,22.115384615384617,H.P. Lovecraft
4.064579256360078,0.512720156555773,0.12286158631415241,19.484848484848484,H.P. Lovecraft
3.6593001841620625,0.43278084714548803,0.1276297335203366,28.52,H.P. Lovecraft
4.482421875,0.533203125,0.10726072607260725,20.896551724137932,H.P. Lovecraft
4.337278106508876,0.5305719921104537,0.12691131498470948,21.8,H.P. Lovecraft
4.25098814229249,0.5177865612648221,0.10291595197255575,27.761904761904763,H.P. Lovecraft
3.739130434782609,0.45935727788279773,0.12813370473537605,25.642857142857142,H.P. Lovecraft
3.2889305816135086,0.3789868667917448,0.14885496183206107,27.103448275862068,H.P. Lovecraft
3.8468992248062017,0.4748062015503876,0.14136904761904762,16.390243902439025,H.P. Lovecraft
3.6660412757973733,0.42213883677298314,0.13667117726657646,29.56,H.P. Lovecraft
3.6640471512770136,0.481335952848723,0.14792899408284024,21.806451612903224,H.P. Lovecraft
4.365949119373777,0.5538160469667319,0.15555555555555556,21.0,H.P. Lovecraft
3.977055449330784,0.502868068833652,0.11246200607902736,20.5625,H.P. Lovecraft
3.8899430740037952,0.48956356736242884,0.1368124118476728,21.484848484848484,H.P. Lovecraft
4.166986564299425,0.508637236084453,0.13719512195121952,14.577777777777778,H.P. Lovecraft
4.267326732673268,0.48316831683168315,0.09863945578231292,23.52,H.P. Lovecraft
3.3864915572232643,0.39587242026266417,0.14227086183310533,18.275,H.P. Lovecraft
4.1063829787234045,0.47775628626692457,0.12732919254658384,20.774193548387096,H.P. Lovecraft
3.4745762711864407,0.4312617702448211,0.15437158469945356,25.24137931034483,H.P. Lovecraft
3.9670542635658914,0.5116279069767442,0.11477987421383648,22.714285714285715,H.P. Lovecraft
4.133980582524272,0.516504854368932,0.10383386581469649,22.357142857142858,H.P. Lovecraft
4.321428571428571,0.5158730158730159,0.10296684118673648,24.91304347826087,H.P. Lovecraft
4.052631578947368,0.5029239766081871,0.13548387096774195,16.31578947368421,H.P. Lovecraft
3.688191881918819,0.45018450184501846,0.1375886524822695,17.625,H.P. Lovecraft
3.699248120300752,0.46616541353383456,0.125,27.52,H.P. Lovecraft
3.7739463601532566,0.4674329501915709,0.1251908396946565,27.291666666666668,H.P. Lovecraft
3.746153846153846,0.4403846153846154,0.10344827586206896,27.73913043478261,H.P. Lovecraft
4.178707224334601,0.5076045627376425,0.11335403726708075,28.0,H.P. Lovecraft
4.108910891089109,0.5108910891089109,0.12698412698412698,21.0,H.P. Lovecraft
4.424547283702213,0.5251509054325956,0.12798634812286688,26.636363636363637,H.P. Lovecraft
4.3767258382643,0.52465483234714,0.14556962025316456,22.571428571428573,H.P. Lovecraft
4.188976377952756,0.5275590551181102,0.11908646003262642,27.863636363636363,H.P. Lovecraft
3.8823529411764706,0.4568627450980392,0.13001605136436598,20.096774193548388,H.P. Lovecraft
3.968565815324165,0.48722986247544203,0.14803149606299212,19.242424242424242,H.P. Lovecraft
4.005905511811024,0.4881889763779528,0.12698412698412698,22.5,H.P. Lovecraft
4.135728542914172,0.48502994011976047,0.13377926421404682,16.61111111111111,H.P. Lovecraft
4.315261044176707,0.5261044176706827,0.11672473867595819,22.076923076923077,H.P. Lovecraft
4.129224652087475,0.48111332007952284,0.10278745644599303,44.15384615384615,H.P. Lovecraft
4.063116370808679,0.514792899408284,0.12987012987012986,26.782608695652176,H.P. Lovecraft
4.377470355731226,0.5118577075098815,0.09565217391304348,28.75,H.P. Lovecraft
3.548449612403101,0.4166666666666667,0.13043478260869565,24.642857142857142,H.P. Lovecraft
3.575187969924812,0.42857142857142855,0.12861271676300579,23.066666666666666,H.P. Lovecraft
3.8176470588235296,0.4843137254901961,0.1497005988023952,19.647058823529413,H.P. Lovecraft
3.876470588235294,0.48823529411764705,0.16964285714285715,18.16216216216216,H.P. Lovecraft
3.906614785992218,0.4805447470817121,0.1488095238095238,24.0,H.P. Lovecraft
3.7448015122873346,0.444234404536862,0.13352272727272727,22.70967741935484,H.P. Lovecraft
4.233009708737864,0.5106796116504855,0.10967741935483871,20.0,H.P. Lovecraft
4.238834951456311,0.5087378640776699,0.09369676320272573,32.611111111111114,H.P. Lovecraft
3.5741088180112572,0.46153846153846156,0.1362962962962963,28.125,H.P. Lovecraft
3.3185185185185184,0.3907407407407407,0.1581769436997319,25.724137931034484,H.P. Lovecraft
3.7572815533980584,0.5469255663430421,0.14074074074074075,40.5,H.P. Lovecraft
4.5182926829268295,0.5203252032520326,0.15593220338983052,22.692307692307693,Jonathan Swift
4.286004056795131,0.5111561866125761,0.13556338028169015,43.69230769230769,Jonathan Swift
4.486,0.554,0.13391304347826086,71.875,Jonathan Swift
4.205821205821206,0.5051975051975052,0.18485915492957747,37.86666666666667,Jonathan Swift
4.288343558282208,0.5010224948875256,0.15397923875432526,32.111111111111114,Jonathan Swift
4.062248995983936,0.4979919678714859,0.12305025996533796,32.05555555555556,Jonathan Swift
3.8724696356275303,0.4817813765182186,0.13937282229965156,44.15384615384615,Jonathan Swift
4.104417670682731,0.4939759036144578,0.13240418118466898,63.77777777777778,Jonathan Swift
4.274193548387097,0.4959677419354839,0.1369150779896014,36.0625,Jonathan Swift
4.25250501002004,0.48296593186372744,0.1289198606271777,44.15384615384615,Jonathan Swift
4.344,0.506,0.13321799307958476,36.125,Jonathan Swift
4.178,0.518,0.1195079086115993,40.642857142857146,Jonathan Swift
4.324,0.536,0.12998266897746968,28.85,Jonathan Swift
4.333333333333333,0.5329341317365269,0.13298791018998274,38.6,Jonathan Swift
4.353413654618474,0.5120481927710844,0.12937062937062938,47.666666666666664,Jonathan Swift
4.466800804828974,0.5130784708249497,0.12736660929432014,52.81818181818182,Jonathan Swift
4.116564417177914,0.47443762781186094,0.14261168384879724,58.2,Jonathan Swift
4.174348697394789,0.4709418837675351,0.13769363166953527,41.5,Jonathan Swift
4.118,0.508,0.12780656303972365,38.6,Jonathan Swift
4.378269617706238,0.5432595573440644,0.12937062937062938,28.6,Jonathan Swift
4.506986027944111,0.4930139720558882,0.12216404886561955,33.705882352941174,Jonathan Swift
4.32,0.498,0.1195079086115993,47.416666666666664,Jonathan Swift
4.132,0.508,0.1254355400696864,71.75,Jonathan Swift
4.465587044534413,0.5222672064777328,0.14261168384879724,48.5,Jonathan Swift
4.391752577319588,0.5072164948453608,0.13945578231292516,49.0,Jonathan Swift
4.385685884691849,0.4711729622266402,0.11805555555555555,28.8,Jonathan Swift
4.319361277445109,0.5289421157684631,0.10676156583629894,40.142857142857146,Jonathan Swift
4.244979919678715,0.46987951807228917,0.140893470790378,44.76923076923077,Jonathan Swift
4.661943319838056,0.5182186234817814,0.13020833333333334,41.142857142857146,Jonathan Swift
4.168674698795181,0.5020080321285141,0.1423670668953688,36.4375,Jonathan Swift
4.095617529880478,0.4960159362549801,0.10896309314586995,43.76923076923077,Jonathan Swift
4.526104417670683,0.4899598393574297,0.1164021164021164,47.25,Jonathan Swift
4.408,0.536,0.1284722222222222,52.36363636363637,Jonathan Swift
4.4124748490945676,0.5372233400402414,0.13344887348353554,41.214285714285715,Jonathan Swift
4.415169660678643,0.5249500998003992,0.12237762237762238,44.0,Jonathan Swift
4.4649298597194385,0.5370741482965932,0.12105263157894737,71.25,Jonathan Swift
4.706,0.522,0.11347517730496454,56.4,Jonathan Swift
4.708,0.508,0.12412587412587413,44.0,Jonathan Swift
4.552,0.53,0.11971830985915492,43.69230769230769,Jonathan Swift
4.122983870967742,0.4959677419354839,0.1243432574430823,35.6875,Jonathan Swift
4.224242424242425,0.5151515151515151,0.13157894736842105,47.5,Jonathan Swift
4.37979797979798,0.5151515151515151,0.141396933560477,41.92857142857143,Jonathan Swift
4.634888438133874,0.4178498985801217,0.15422885572139303,50.25,Jonathan Swift
4.5458167330677295,0.4760956175298805,0.12152777777777778,52.36363636363637,Jonathan Swift
4.612326043737575,0.5029821073558648,0.12776831345826234,83.85714285714286,Jonathan Swift
4.522,0.532,0.12780656303972365,57.9,Jonathan Swift
4.253493013972056,0.49700598802395207,0.13095238095238096,49.0,Jonathan Swift
3.9738955823293174,0.46586345381526106,0.1256544502617801,47.75,Jonathan Swift
4.351515151515152,0.47878787878787876,0.12084063047285463,71.375,Jonathan Swift
4.077393075356415,0.4969450101832994,0.14359861591695502,30.42105263157895,Jonathan Swift
4.030612244897959,0.5183673469387755,0.13612565445026178,33.705882352941174,Jonathan Swift
4.25250501002004,0.5150300601202404,0.14188034188034188,27.857142857142858,Jonathan Swift
4.056485355648536,0.4602510460251046,0.17647058823529413,34.0,Jonathan Swift
3.8536585365853657,0.4654471544715447,0.12078152753108348,33.11764705882353,Jonathan Swift
4.228915662650603,0.5321285140562249,0.10912343470483005,34.9375,Jonathan Swift
4.214859437751004,0.5040160642570282,0.10431654676258993,42.76923076923077,Jonathan Swift
3.853413654618474,0.4457831325301205,0.12014134275618374,31.444444444444443,Jonathan Swift
3.948,0.506,0.13344887348353554,36.0625,Jonathan Swift
4.057884231536926,0.5069860279441117,0.1265164644714038,48.083333333333336,Jonathan Swift
4.147117296222664,0.510934393638171,0.12220309810671257,52.81818181818182,Jonathan Swift
3.936,0.492,0.11347517730496454,35.25,Jonathan Swift
4.216,0.546,0.1146384479717813,37.8,Jonathan Swift
4.146639511201629,0.5193482688391039,0.1559792027729636,41.214285714285715,Jonathan Swift
3.9617706237424546,0.5150905432595574,0.1280701754385965,38.0,Jonathan Swift
4.128514056224899,0.5120481927710844,0.11816578483245149,43.61538461538461,Jonathan Swift
4.130260521042084,0.5110220440881763,0.12629757785467127,27.523809523809526,Jonathan Swift
4.117529880478088,0.4820717131474104,0.12563667232597622,34.64705882352941,Jonathan Swift
4.154308617234469,0.49498997995991983,0.11867364746945899,47.75,Jonathan Swift
4.628514056224899,0.536144578313253,0.13321799307958476,41.285714285714285,Jonathan Swift
4.212424849699399,0.5090180360721442,0.12305025996533796,41.214285714285715,Jonathan Swift
4.016161616161616,0.48484848484848486,0.13763066202090593,35.875,Jonathan Swift
4.344,0.542,0.1195840554592721,96.16666666666667,Jonathan Swift
4.07429718875502,0.5020080321285141,0.12609457092819615,43.92307692307692,Jonathan Swift
4.267857142857143,0.5317460317460317,0.12886597938144329,29.1,Jonathan Swift
4.409638554216867,0.5220883534136547,0.13194444444444445,44.30769230769231,Jonathan Swift
4.212424849699399,0.49899799599198397,0.1289198606271777,44.15384615384615,Jonathan Swift
4.2565130260521045,0.5390781563126252,0.1386986301369863,41.714285714285715,Jonathan Swift
4.246464646464647,0.5393939393939394,0.1346153846153846,44.0,Jonathan Swift
4.108216432865731,0.48897795591182364,0.13043478260869565,38.333333333333336,Jonathan Swift
4.092885375494071,0.5059288537549407,0.1206896551724138,48.333333333333336,Jonathan Swift
4.262,0.52,0.11754385964912281,47.5,Jonathan Swift
4.026104417670683,0.4879518072289157,0.12762237762237763,40.857142857142854,Jonathan Swift
3.9193548387096775,0.48185483870967744,0.12522045855379188,40.5,Jonathan Swift
4.119760479041916,0.5089820359281437,0.12041884816753927,44.07692307692308,Jonathan Swift
4.110887096774194,0.5403225806451613,0.11267605633802817,40.57142857142857,Jonathan Swift
4.047430830039525,0.4881422924901186,0.1076388888888889,38.4,Jonathan Swift
4.161676646706587,0.500998003992016,0.10815602836879433,43.38461538461539,Jonathan Swift
4.622489959839357,0.5180722891566265,0.11012433392539965,51.18181818181818,Jonathan Swift
4.653306613226453,0.5390781563126252,0.11929824561403508,38.0,Jonathan Swift
4.565392354124748,0.5231388329979879,0.11652173913043479,44.23076923076923,Jonathan Swift
4.5674044265593565,0.5734406438631791,0.15815485996705106,151.75,Jonathan Swift
4.600397614314115,0.5149105367793241,0.11013986013986014,33.64705882352941,Jonathan Swift
4.379241516966068,0.5249500998003992,0.11458333333333333,57.6,Jonathan Swift
4.550200803212851,0.5562248995983936,0.1416382252559727,45.07692307692308,Jonathan Swift
4.344,0.544,0.12435233160621761,48.25,Jonathan Swift
4.387878787878788,0.5272727272727272,0.12609457092819615,43.92307692307692,Jonathan Swift
4.222444889779559,0.5170340681362725,0.12126537785588752,31.61111111111111,Jonathan Swift
3.870259481037924,0.5129740518962076,0.1079646017699115,33.23529411764706,Jonathan Swift
4.088353413654619,0.5160642570281124,0.11545293072824156,35.1875,Jonathan Swift
3.9458917835671343,0.4649298597194389,0.11209964412811388,37.46666666666667,Jonathan Swift
3.981818181818182,0.48484848484848486,0.14285714285714285,73.5,Jonathan Swift
4.1546184738955825,0.5040160642570282,0.12521440823327615,41.642857142857146,Jonathan Swift
4.026104417670683,0.4979919678714859,0.10956521739130434,63.888888888888886,Jonathan Swift
4.073852295409182,0.49101796407185627,0.12897822445561138,54.27272727272727,Jonathan Swift
4.026584867075664,0.4948875255623722,0.13391304347826086,44.23076923076923,Jonathan Swift
4.0160320641282565,0.501002004008016,0.12991452991452992,29.25,Jonathan Swift
4.311608961303462,0.515274949083503,0.14186851211072665,38.53333333333333,Jonathan Swift
4.104081632653061,0.4816326530612245,0.14655172413793102,36.25,Jonathan Swift
4.098393574297189,0.5040160642570282,0.12323943661971831,35.5,Jonathan Swift
4.437125748502994,0.5089820359281437,0.13893653516295026,25.347826086956523,Jonathan Swift
4.350701402805611,0.49298597194388777,0.11858407079646018,43.46153846153846,Jonathan Swift
4.249003984063745,0.49800796812749004,0.13846153846153847,32.5,Jonathan Swift
4.493877551020408,0.5448979591836735,0.17346938775510204,34.588235294117645,Jonathan Swift
4.866533864541832,0.549800796812749,0.12041884816753927,40.92857142857143,Jonathan Swift
4.616766467065868,0.5169660678642715,0.11929824561403508,57.0,Jonathan Swift
4.47713717693837,0.5407554671968191,0.12220309810671257,36.3125,Jonathan Swift
4.446215139442231,0.45617529880478086,0.12041884816753927,31.833333333333332,Jonathan Swift
4.594202898550725,0.41200828157349895,0.18989547038327526,44.15384615384615,Jonathan Swift
4.5490981963927855,0.5170340681362725,0.10554561717352415,46.583333333333336,Jonathan Swift
4.454,0.54,0.11971830985915492,43.69230769230769,Jonathan Swift
4.557768924302789,0.49203187250996017,0.10160427807486631,33.0,Jonathan Swift
4.526104417670683,0.5020080321285141,0.13321799307958476,36.125,Jonathan Swift
4.402414486921529,0.5392354124748491,0.14285714285714285,42.0,Jonathan Swift
4.663983903420523,0.5694164989939637,0.14789915966386555,66.11111111111111,Jonathan Swift
4.3232323232323235,0.5333333333333333,0.12369337979094076,143.5,Jonathan Swift
4.348697394789579,0.5370741482965932,0.125,30.31578947368421,Jonathan Swift
4.387096774193548,0.5362903225806451,0.12478336221837089,52.45454545454545,Jonathan Swift
4.589537223340041,0.5432595573440644,0.12695652173913044,35.9375,Jonathan Swift
4.571428571428571,0.5331991951710262,0.13846153846153847,53.18181818181818,Jonathan Swift
4.629258517034068,0.5430861723446894,0.1267361111111111,48.0,Jonathan Swift
4.953815261044177,0.5562248995983936,0.14261168384879724,38.8,Jonathan Swift
4.673387096774194,0.5524193548387096,0.152428810720268,99.5,Jonathan Swift
4.572289156626506,0.5180722891566265,0.13058419243986255,58.2,Jonathan Swift
4.75152749490835,0.5763747454175153,0.20733652312599682,48.23076923076923,Jonathan Swift
4.466531440162272,0.5172413793103449,0.13321799307958476,25.130434782608695,Jonathan Swift
4.375249500998004,0.5109780439121756,0.1079646017699115,37.666666666666664,Jonathan Swift
4.321931589537224,0.49899396378269617,0.12714776632302405,38.8,Jonathan Swift
4.533199195171026,0.5231388329979879,0.1103202846975089,33.05882352941177,Jonathan Swift
4.5777777777777775,0.5292929292929293,0.1576271186440678,39.333333333333336,Jonathan Swift
4.593561368209255,0.5331991951710262,0.1440677966101695,84.28571428571429,Jonathan Swift
4.224899598393574,0.5040160642570282,0.11478260869565217,57.5,Jonathan Swift
4.416498993963783,0.5412474849094567,0.13675213675213677,27.857142857142858,Jonathan Swift
4.0681362725450905,0.47695390781563124,0.12478336221837089,48.083333333333336,Jonathan Swift
4.666666666666667,0.5515151515151515,0.12717770034843207,35.875,Jonathan Swift
4.569979716024341,0.537525354969574,0.13527397260273974,83.42857142857143,Jonathan Swift
4.303030303030303,0.503030303030303,0.13391304347826086,82.14285714285714,Jonathan Swift
4.831663326653307,0.5591182364729459,0.13253012048192772,44.69230769230769,Jonathan Swift
4.423387096774194,0.4959677419354839,0.11743772241992882,40.142857142857146,Jonathan Swift
4.636546184738956,0.5180722891566265,0.1289198606271777,41.0,Jonathan Swift
4.37979797979798,0.5050505050505051,0.12367491166077739,47.166666666666664,Jonathan Swift
4.249488752556237,0.49897750511247446,0.13884007029876977,31.61111111111111,Jonathan Swift
4.412955465587045,0.4959514170040486,0.12152777777777778,44.30769230769231,Jonathan Swift
4.109979633401222,0.505091649694501,0.1323024054982818,25.304347826086957,Jonathan Swift
4.02834008097166,0.46356275303643724,0.13527397260273974,41.714285714285715,Jonathan Swift
4.250501002004008,0.5050100200400801,0.1423670668953688,32.388888888888886,Jonathan Swift
4.112224448897796,0.5210420841683366,0.12280701754385964,43.84615384615385,Jonathan Swift
4.43687374749499,0.5190380761523046,0.1258741258741259,52.0,Jonathan Swift
4.253521126760563,0.5090543259557344,0.13667820069204153,32.111111111111114,Jonathan Swift
4.30060120240481,0.5270541082164328,0.11992945326278659,29.842105263157894,Jonathan Swift
4.300202839756592,0.4969574036511156,0.1527777777777778,48.0,Jonathan Swift
4.113590263691684,0.5152129817444219,0.13274336283185842,33.23529411764706,Jonathan Swift
4.048,0.506,0.12869565217391304,41.07142857142857,Jonathan Swift
4.346855983772819,0.4949290060851927,0.13961605584642234,28.65,Jonathan Swift
4.134020618556701,0.4824742268041237,0.1635434412265758,48.916666666666664,Jonathan Swift
4.125506072874494,0.4898785425101215,0.14162348877374784,41.357142857142854,Jonathan Swift
4.179435483870968,0.4939516129032258,0.11846689895470383,82.0,Jonathan Swift
4.282786885245901,0.48155737704918034,0.1566265060240964,64.55555555555556,Jonathan Swift
4.3271221532091095,0.5196687370600414,0.16835016835016836,99.0,Jonathan Swift
4.293279022403259,0.4847250509164969,0.1267605633802817,113.6,Jonathan Swift
4.354124748490945,0.5150905432595574,0.14789915966386555,119.0,Jonathan Swift
4.552,0.51,0.12195121951219512,33.76470588235294,Jonathan Swift
4.42570281124498,0.4979919678714859,0.137221269296741,44.84615384615385,Jonathan Swift
4.386639676113361,0.5708502024291497,0.1636060100166945,54.45454545454545,Jonathan Swift
4.240404040404041,0.49696969696969695,0.13321799307958476,44.46153846153846,Jonathan Swift
4.478,0.544,0.11826086956521739,63.888888888888886,Jonathan Swift
4.350202429149798,0.5323886639676113,0.11150442477876106,62.77777777777778,Jonathan Swift
4.531313131313131,0.5535353535353535,0.1386986301369863,73.0,Jonathan Swift
4.793172690763052,0.5481927710843374,0.1691542288557214,75.375,Jonathan Swift
4.469758064516129,0.5080645161290323,0.14720812182741116,59.1,Jonathan Swift
4.606924643584521,0.5539714867617108,0.1570945945945946,98.66666666666667,Jonathan Swift
4.365269461077844,0.4930139720558882,0.11130742049469965,37.733333333333334,Jonathan Swift
4.376518218623482,0.49190283400809715,0.14013840830449828,96.33333333333333,Jonathan Swift
4.460122699386503,0.5378323108384458,0.14411247803163443,113.8,Jonathan Swift
4.475510204081632,0.5224489795918368,0.166383701188455,53.54545454545455,Jonathan Swift
4.374745417515275,0.5315682281059063,0.14705882352941177,64.22222222222223,Jonathan Swift
4.446028513238289,0.5336048879837068,0.14535901926444833,40.785714285714285,Jonathan Swift
4.343373493975903,0.5763052208835341,0.14776632302405499,36.375,Jonathan Swift
4.4397590361445785,0.5321285140562249,0.13240418118466898,38.266666666666666,Jonathan Swift
4.570281124497992,0.5220883534136547,0.13286713286713286,35.75,Jonathan Swift
4.491869918699187,0.5284552845528455,0.15505226480836237,33.76470588235294,Jonathan Swift
4.4989690721649485,0.5298969072164949,0.18010291595197256,145.75,Jonathan Swift
4.385245901639344,0.5225409836065574,0.15992970123022848,63.22222222222222,Jonathan Swift
4.390688259109312,0.5465587044534413,0.14583333333333334,38.4,Jonathan Swift
4.329896907216495,0.5360824742268041,0.1686746987951807,26.40909090909091,Jonathan Swift
4.716024340770791,0.592292089249493,0.20193861066235863,56.27272727272727,Jonathan Swift
4.537525354969574,0.5111561866125761,0.14930555555555555,64.0,Jonathan Swift
4.171428571428572,0.48367346938775513,0.13580246913580246,94.5,Jonathan Swift
4.251012145748988,0.52834008097166,0.13217391304347825,82.14285714285714,Jonathan Swift
4.161290322580645,0.5241935483870968,0.13286713286713286,44.0,Jonathan Swift
4.300411522633745,0.5432098765432098,0.14948453608247422,34.23529411764706,Jonathan Swift
4.0628803245436105,0.5111561866125761,0.1445993031358885,38.266666666666666,Jonathan Swift
3.975206611570248,0.48760330578512395,0.1718213058419244,38.8,Jonathan Swift
4.00804828973843,0.46277665995975853,0.13745704467353953,38.8,Jonathan Swift
4.216326530612245,0.5061224489795918,0.12852112676056338,35.5,Jonathan Swift
3.9959266802443993,0.5030549898167006,0.1386481802426343,33.94117647058823,Jonathan Swift
4.467065868263473,0.5708582834331337,0.11443661971830986,24.695652173913043,Jonathan Swift
4.543032786885246,0.5532786885245902,0.16145833333333334,33.88235294117647,Jonathan Swift
4.569696969696969,0.5555555555555556,0.14482758620689656,41.42857142857143,Jonathan Swift
4.5070707070707074,0.5676767676767677,0.14583333333333334,72.0,Jonathan Swift
4.2719665271966525,0.5397489539748954,0.19047619047619047,36.75,Jonathan Swift
4.846307385229541,0.5209580838323353,0.10265486725663717,17.65625,Homer
4.825301204819277,0.4959839357429719,0.11837455830388692,31.444444444444443,Homer
4.706,0.534,0.1284246575342466,36.5,Homer
4.843058350100604,0.5392354124748491,0.15537190082644628,31.842105263157894,Homer
4.5636363636363635,0.5131313131313131,0.14017094017094017,32.5,Homer
4.421686746987952,0.5180722891566265,0.15640599001663893,24.04,Homer
4.626,0.55,0.1315345699831366,34.88235294117647,Homer
4.68,0.532,0.12478920741989882,39.53333333333333,Homer
4.783567134268537,0.531062124248497,0.12157534246575342,53.09090909090909,Homer
4.811623246492986,0.5070140280561122,0.1232638888888889,52.36363636363637,Homer
4.704225352112676,0.5050301810865191,0.11578947368421053,40.714285714285715,Homer
4.94188376753507,0.5430861723446894,0.12413793103448276,58.0,Homer
4.785571142284569,0.5290581162324649,0.12714776632302405,52.90909090909091,Homer
4.955734406438632,0.5653923541247485,0.1440536013400335,54.27272727272727,Homer
4.643145161290323,0.5120967741935484,0.1320754716981132,36.4375,Homer
4.785858585858586,0.5474747474747474,0.1314878892733564,48.166666666666664,Homer
4.829659318637274,0.5571142284569138,0.12062937062937062,38.13333333333333,Homer
4.532934131736527,0.5369261477045908,0.10657193605683836,37.53333333333333,Homer
4.488977955911824,0.5150300601202404,0.09239130434782608,34.5,Homer
4.49402390438247,0.5398406374501992,0.11187607573149742,64.55555555555556,Homer
4.468937875751503,0.5130260521042084,0.10035211267605634,47.333333333333336,Homer
4.6195219123505975,0.5318725099601593,0.11498257839721254,33.76470588235294,Homer
4.465069860279441,0.5449101796407185,0.12864493996569468,41.642857142857146,Homer
4.343313373253493,0.47904191616766467,0.10720562390158173,37.93333333333333,Homer
4.4750499001996005,0.5069860279441117,0.09874326750448834,34.8125,Homer
4.5811623246492985,0.5090180360721442,0.12126537785588752,37.93333333333333,Homer
4.56686626746507,0.49101796407185627,0.11423550087873462,31.61111111111111,Homer
4.442231075697211,0.4860557768924303,0.10664335664335664,35.75,Homer
4.49500998003992,0.500998003992016,0.1003584229390681,46.5,Homer
4.692,0.496,0.13194444444444445,36.0,Homer
4.623246492985972,0.533066132264529,0.10124333925399645,40.214285714285715,Homer
4.7073170731707314,0.540650406504065,0.13769363166953527,48.416666666666664,Homer
4.434,0.484,0.10053859964093358,50.63636363636363,Homer
4.438,0.53,0.1039426523297491,39.857142857142854,Homer
4.398,0.494,0.1039426523297491,46.5,Homer
4.601202404809619,0.501002004008016,0.12371134020618557,52.90909090909091,Homer
4.258,0.502,0.12084063047285463,33.588235294117645,Homer
4.476,0.51,0.1099290780141844,37.6,Homer
4.404382470119522,0.5139442231075697,0.10479573712255773,40.214285714285715,Homer
4.305050505050505,0.47878787878787876,0.10412926391382406,46.416666666666664,Homer
4.613095238095238,0.5674603174603174,0.14593698175787728,27.40909090909091,Homer
4.286266924564797,0.5918762088974855,0.17507418397626112,29.304347826086957,Homer
4.361867704280155,0.5642023346303502,0.165402124430956,38.76470588235294,Homer
4.171875,0.5625,0.16408668730650156,34.0,Homer
4.167953667953668,0.5675675675675675,0.16,32.5,Homer
4.263671875,0.5703125,0.14779874213836477,33.473684210526315,Homer
4.209708737864077,0.5786407766990291,0.1669218989280245,27.208333333333332,Homer
4.473267326732674,0.5900990099009901,0.1648177496038035,37.11764705882353,Homer
4.378640776699029,0.5766990291262136,0.1651376146788991,50.30769230769231,Homer
4.348336594911937,0.5831702544031311,0.159375,35.55555555555556,Homer
4.444444444444445,0.6159844054580896,0.16951788491446346,35.72222222222222,Homer
4.30511811023622,0.5433070866141733,0.16510903426791276,33.78947368421053,Homer
4.379446640316205,0.5632411067193676,0.17956656346749225,32.3,Homer
4.326771653543307,0.5413385826771654,0.14583333333333334,27.130434782608695,Homer
4.205426356589148,0.5542635658914729,0.1545595054095827,23.962962962962962,Homer
4.408914728682171,0.6104651162790697,0.15863141524105753,32.15,Homer
4.532289628180039,0.5968688845401174,0.17204301075268819,23.25,Homer
4.241779497098646,0.6054158607350096,0.14890282131661442,24.53846153846154,Homer
4.502982107355865,0.6063618290258449,0.1722488038277512,27.26086956521739,Homer
4.462282398452611,0.5996131528046421,0.16282642089093702,23.25,Homer
4.26232741617357,0.5818540433925049,0.1813953488372093,40.3125,Homer
4.474088291746641,0.6007677543186181,0.1600609756097561,38.588235294117645,Homer
4.653771760154739,0.620889748549323,0.19674556213017752,35.578947368421055,Homer
4.749510763209393,0.5968688845401174,0.16561514195583596,35.22222222222222,Homer
4.531914893617022,0.6054158607350096,0.1651376146788991,38.470588235294116,Homer
4.630769230769231,0.5865384615384616,0.1651376146788991,38.470588235294116,Homer
4.4793233082706765,0.5827067669172933,0.14285714285714285,36.94444444444444,Homer
4.437619961612284,0.6084452975047985,0.1633587786259542,36.388888888888886,Homer
4.594646271510516,0.6061185468451242,0.16216216216216217,39.1764705882353,Homer
4.593688362919132,0.6015779092702169,0.14845024469820556,25.541666666666668,Homer
4.282101167315175,0.5972762645914397,0.1537242472266244,35.05555555555556,Homer
4.326732673267327,0.592079207920792,0.1637239165329053,36.64705882352941,Homer
4.365234375,0.576171875,0.1794478527607362,38.35294117647059,Homer
4.326129666011788,0.5854616895874263,0.1781874039938556,31.0,Homer
4.255360623781677,0.580896686159844,0.1719939117199391,38.64705882352941,Homer
4.330724070450098,0.5753424657534246,0.14170692431561996,27.0,Homer
4.476744186046512,0.5775193798449613,0.1557632398753894,35.666666666666664,Homer
4.159448818897638,0.5511811023622047,0.1834862385321101,40.875,Homer
4.360623781676413,0.6081871345029239,0.14421553090332806,28.681818181818183,Homer
4.399209486166008,0.5889328063241107,0.16560509554140126,27.304347826086957,Homer
4.435897435897436,0.6094674556213018,0.16220472440944883,37.35294117647059,Homer
4.254789272030651,0.5919540229885057,0.14860681114551083,35.888888888888886,Homer
4.264591439688716,0.5719844357976653,0.15132605304212168,35.611111111111114,Homer
4.23046875,0.58203125,0.14285714285714285,30.0,Homer
4.41948310139165,0.6123260437375746,0.1639871382636656,36.588235294117645,Homer
4.364522417153996,0.5964912280701754,0.1674347158218126,31.0,Homer
4.415533980582524,0.6135922330097088,0.16717791411042945,38.35294117647059,Homer
4.373307543520309,0.562862669245648,0.15698587127158556,39.8125,Homer
4.436293436293436,0.5984555984555985,0.14353312302839116,31.7,Homer
4.337254901960784,0.5568627450980392,0.1518578352180937,30.95,Homer
4.4096153846153845,0.573076923076923,0.13858267716535433,31.75,Homer
4.3108108108108105,0.5888030888030888,0.15562403697996918,40.5625,Homer
4.345703125,0.595703125,0.15262321144674085,41.93333333333333,Homer
4.153846153846154,0.5673076923076923,0.15572519083969466,32.75,Homer
4.190291262135922,0.5922330097087378,0.1620795107033639,36.333333333333336,Homer
4.462715105162524,0.5831739961759083,0.14883720930232558,40.3125,Homer
4.265267175572519,0.5687022900763359,0.15765765765765766,31.714285714285715,Homer
4.299009900990099,0.592079207920792,0.1589825119236884,44.92857142857143,Homer
4.380038387715931,0.6238003838771593,0.16158536585365854,34.526315789473685,Homer
4.522417153996101,0.5886939571150097,0.1523809523809524,42.0,Homer
4.323699421965318,0.581888246628131,0.15895061728395063,32.4,Homer
4.36328125,0.603515625,0.1518987341772152,30.095238095238095,Homer
4.3428571428571425,0.5676190476190476,0.1664190193164933,42.0625,Homer
4.564547206165703,0.603082851637765,0.1646153846153846,26.0,Homer
4.408560311284047,0.6264591439688716,0.16436251920122888,28.304347826086957,Homer
4.481409001956947,0.5870841487279843,0.1684867394695788,32.05,Homer
4.408203125,0.583984375,0.16326530612244897,25.48,Homer
4.287619047619048,0.5752380952380952,0.15465465465465467,39.1764705882353,Homer
4.296934865900383,0.5900383141762452,0.16090225563909774,41.5625,Homer
4.334615384615384,0.6173076923076923,0.16491754122938532,39.23529411764706,Homer
4.3439252336448595,0.5794392523364486,0.15728715728715728,43.3125,Homer
4.302281368821292,0.6007604562737643,0.16568047337278108,37.55555555555556,Homer
4.438461538461539,0.5961538461538461,0.1559633027522936,26.16,Homer
4.2475442043222005,0.5913555992141454,0.17638036809815952,27.166666666666668,Homer
4.133204633204633,0.5521235521235521,0.1545595054095827,34.05263157894737,Homer
4.1498054474708175,0.5836575875486382,0.16174183514774496,29.227272727272727,Homer
4.312015503875969,0.5910852713178295,0.14375987361769352,30.142857142857142,Homer
4.413861386138614,0.5663366336633663,0.1456953642384106,25.166666666666668,Homer
4.405882352941177,0.5882352941176471,0.1492063492063492,35.0,Homer
4.310940499040307,0.581573896353167,0.15933232169954475,36.611111111111114,Homer
4.265384615384615,0.5634615384615385,0.15846153846153846,30.952380952380953,Homer
4.233663366336634,0.5663366336633663,0.16850393700787403,37.35294117647059,Homer
4.2475442043222005,0.550098231827112,0.18083462132921174,46.214285714285715,Homer
4.32943469785575,0.5380116959064327,0.15968992248062017,33.94736842105263,Homer
4.374269005847953,0.6276803118908382,0.16383307573415765,28.130434782608695,Homer
4.223076923076923,0.5230769230769231,0.16055045871559634,26.16,Homer
4.448742746615087,0.6054158607350096,0.1574074074074074,34.10526315789474,Homer
4.417322834645669,0.5531496062992126,0.16586921850079744,25.08,Homer
4.578431372549019,0.6039215686274509,0.16139240506329114,45.142857142857146,Homer
4.262548262548263,0.5694980694980695,0.15325077399380804,34.0,Homer
4.295145631067961,0.5883495145631068,0.16717325227963525,26.32,Homer
4.330078125,0.6015625,0.17530487804878048,26.24,Homer
4.433460076045628,0.591254752851711,0.1555891238670695,36.77777777777778,Homer
4.30019120458891,0.5697896749521989,0.15360983102918588,34.26315789473684,Homer
4.33587786259542,0.5877862595419847,0.17065868263473055,27.833333333333332,Homer
4.4179389312977095,0.49809160305343514,0.1471927162367223,32.95,Homer
4.30078125,0.580078125,0.1494435612082671,29.952380952380953,Homer
4.4204322200392925,0.6208251473477406,0.15755627009646303,27.043478260869566,Homer
4.514677103718199,0.5870841487279843,0.15445859872611464,25.12,Homer
4.294921875,0.60546875,0.1625,29.09090909090909,Homer
4.396825396825397,0.5833333333333334,0.17412140575079874,25.04,Homer
4.258252427184466,0.6077669902912621,0.16253869969040247,53.833333333333336,Homer
4.3881188118811885,0.596039603960396,0.17582417582417584,23.59259259259259,Homer
4.510805500982318,0.6070726915520629,0.16666666666666666,24.23076923076923,Homer
4.378640776699029,0.6019417475728155,0.1500789889415482,42.2,Homer
4.23015873015873,0.5952380952380952,0.1620745542949757,26.82608695652174,Homer
4.2398452611218564,0.5938104448742747,0.146875,58.18181818181818,Homer
4.19140625,0.591796875,0.1743827160493827,27.0,Homer
4.316698656429942,0.5719769673704415,0.16129032258064516,38.294117647058826,Homer
4.5181644359464626,0.6042065009560229,0.1724137931034483,55.583333333333336,Homer
4.317647058823529,0.5843137254901961,0.17619783616692428,29.40909090909091,Homer
4.420634920634921,0.5773809523809523,0.16560509554140126,29.904761904761905,Homer
4.447265625,0.59375,0.14516129032258066,29.523809523809526,Homer
4.16015625,0.58984375,0.17024539877300612,46.57142857142857,Homer
4.327450980392157,0.5784313725490197,0.1712962962962963,40.5,Homer
4.415686274509804,0.6019607843137255,0.1671875,42.666666666666664,Homer
4.234833659491194,0.5870841487279843,0.15698587127158556,33.526315789473685,Homer
4.375241779497099,0.597678916827853,0.16666666666666666,33.0,Homer
4.193737769080235,0.5538160469667319,0.16901408450704225,42.6,Homer
4.280392156862745,0.5882352941176471,0.17700453857791226,47.214285714285715,Homer
4.391389432485323,0.5909980430528375,0.1640625,42.666666666666664,Homer
4.411992263056093,0.574468085106383,0.1664145234493192,66.1,Homer
4.352941176470588,0.5862745098039216,0.15605095541401273,28.545454545454547,Homer
4.53125,0.576171875,0.15175718849840256,44.714285714285715,Homer
4.4517374517374515,0.6003861003861004,0.14645669291338584,45.357142857142854,Homer
4.303846153846154,0.5865384615384616,0.15692307692307692,50.0,Homer
4.331384015594542,0.5984405458089669,0.16199376947040497,37.76470588235294,Homer
4.280943025540275,0.5029469548133595,0.15569823434991975,36.64705882352941,Homer
4.278625954198473,0.5629770992366412,0.1621212121212121,28.695652173913043,Homer
4.471512770137524,0.618860510805501,0.17214397496087636,29.045454545454547,Homer
4.2915057915057915,0.5907335907335908,0.15692307692307692,29.545454545454547,Homer
4.340551181102362,0.5846456692913385,0.17289719626168223,32.1,Homer
4.446183953033268,0.62426614481409,0.16899224806201552,35.833333333333336,Homer
4.515444015444015,0.5637065637065637,0.15870570107858242,38.1764705882353,Homer
4.396484375,0.59375,0.1492063492063492,37.05882352941177,Homer
4.462745098039216,0.6137254901960785,0.164576802507837,33.578947368421055,Homer
4.260700389105058,0.5622568093385214,0.17103235747303544,29.5,Homer
4.289017341040463,0.5953757225433526,0.14837712519319937,32.35,Homer
4.450787401574803,0.5846456692913385,0.15409309791332262,23.074074074074073,Homer
4.518375241779497,0.6150870406189555,0.16253869969040247,35.888888888888886,Homer
4.495107632093934,0.5694716242661448,0.15248796147672553,25.958333333333332,Homer
4.575936883629192,0.5779092702169625,0.14473684210526316,38.0,Homer
4.3984375,0.607421875,0.16587677725118483,37.23529411764706,Homer
4.330693069306931,0.6059405940594059,0.15245901639344261,27.727272727272727,Homer
4.419921875,0.615234375,0.15335463258785942,48.15384615384615,Homer
4.374509803921568,0.5098039215686274,0.15714285714285714,48.46153846153846,Homer
4.54296875,0.59765625,0.15,38.75,Homer
4.586956521739131,0.5968379446640316,0.17777777777777778,33.1578947368421,Homer
4.476470588235294,0.5980392156862745,0.16375198728139906,39.3125,Homer
4.4015748031496065,0.5787401574803149,0.17956656346749225,53.833333333333336,Homer
4.342412451361867,0.622568093385214,0.17484662576687116,24.14814814814815,Homer
4.34932821497121,0.5738963531669866,0.17541229385307347,39.23529411764706,Homer
4.227005870841487,0.6027397260273972,0.15805946791862285,39.9375,Homer
4.27810650887574,0.5838264299802761,0.164576802507837,49.07692307692308,Homer
4.3501945525291825,0.5836575875486382,0.15070643642072212,35.388888888888886,Homer
4.363106796116504,0.596116504854369,0.17177914110429449,29.636363636363637,Homer
4.298651252408478,0.5857418111753372,0.16767371601208458,36.77777777777778,Homer
4.2168905950095965,0.5873320537428023,0.17065868263473055,39.294117647058826,Homer
4.424418604651163,0.5426356589147286,0.1550632911392405,37.1764705882353,Homer
4.307839388145315,0.5411089866156787,0.14307931570762053,33.8421052631579,Homer
4.334615384615384,0.6134615384615385,0.16463414634146342,29.818181818181817,Homer
4.472061657032755,0.5857418111753372,0.1526479750778816,53.5,Homer
4.346379647749511,0.5655577299412916,0.18042813455657492,32.7,Homer
4.323017408123791,0.6131528046421664,0.16793893129770993,40.9375,Homer
4.4115308151093435,0.5805168986083499,0.17777777777777778,33.1578947368421,Homer
4.305283757338552,0.5949119373776908,0.16614420062695925,37.529411764705884,Homer
4.156555772994129,0.5753424657534246,0.15689381933438987,30.047619047619047,Homer
4.382692307692308,0.6038461538461538,0.16079632465543645,32.65,Homer
4.27852998065764,0.5725338491295938,0.15207373271889402,28.304347826086957,Homer
4.256360078277886,0.5733855185909981,0.19047619047619047,42.0,Homer
4.181286549707602,0.5380116959064327,0.1486697965571205,45.642857142857146,Homer
4.546692607003891,0.6147859922178989,0.16923076923076924,28.26086956521739,Homer
4.435546875,0.587890625,0.1650943396226415,48.92307692307692,Homer
4.32943469785575,0.5594541910331384,0.1606864274570983,33.73684210526316,Homer
4.414872798434442,0.5714285714285714,0.1664050235478807,30.333333333333332,Homer
4.313725490196078,0.5588235294117647,0.1619496855345912,27.652173913043477,Homer
4.365234375,0.578125,0.15118110236220472,35.27777777777778,Homer
4.213178294573644,0.5193798449612403,0.13694267515923567,25.12,Homer
4.251968503937008,0.5826771653543307,0.15873015873015872,45.0,Homer
4.298039215686274,0.5725490196078431,0.16535433070866143,26.458333333333332,Homer
4.437743190661479,0.6050583657587548,0.17001545595054096,34.05263157894737,Homer
4.375486381322958,0.6167315175097277,0.1640625,30.476190476190474,Homer
4.182879377431907,0.5622568093385214,0.17001545595054096,26.958333333333332,Homer
4.222222222222222,0.5964912280701754,0.16459627329192547,37.88235294117647,Homer
4.30174081237911,0.586073500967118,0.1689497716894977,31.285714285714285,Homer
4.268627450980392,0.5627450980392157,0.1608832807570978,39.625,Homer
4.169260700389105,0.5603112840466926,0.16536661466458658,42.733333333333334,Homer
4.322200392927308,0.5854616895874263,0.16293929712460065,44.714285714285715,Homer
4.358267716535433,0.5826771653543307,0.16850393700787403,27.608695652173914,Homer
4.529644268774703,0.5849802371541502,0.1648,26.041666666666668,Homer
4.16147859922179,0.566147859922179,0.16589147286821707,28.043478260869566,Homer
4.349514563106796,0.6,0.1523809523809524,31.5,Homer
4.331428571428572,0.5619047619047619,0.16913946587537093,37.44444444444444,Homer
4.341846758349705,0.6070726915520629,0.18223583460949463,34.36842105263158,Homer
4.5019607843137255,0.5764705882352941,0.15822784810126583,35.111111111111114,Homer
4.319230769230769,0.5576923076923077,0.17073170731707318,43.733333333333334,Homer
4.514734774066798,0.5854616895874263,0.15171288743882544,40.86666666666667,Homer
4.364705882352941,0.5901960784313726,0.1589825119236884,37.0,Homer
4.315992292870906,0.5857418111753372,0.15408320493066255,46.357142857142854,Homer
4.334622823984526,0.574468085106383,0.1669218989280245,28.391304347826086,Homer
4.207293666026872,0.5508637236084453,0.14463452566096424,40.1875,Homer
4.358415841584159,0.5702970297029702,0.1619047619047619,37.05882352941177,Homer
4.57504873294347,0.5828460038986355,0.17511520737327188,29.59090909090909,Homer
4.490196078431373,0.6058823529411764,0.15434083601286175,27.043478260869566,Homer
4.353398058252427,0.5980582524271845,0.16770186335403728,25.76,Homer
4.372047244094488,0.5433070866141733,0.17445482866043613,27.91304347826087,Homer
4.244618395303327,0.5812133072407045,0.1728395061728395,30.857142857142858,Homer
4.195817490494297,0.532319391634981,0.1536144578313253,41.5,Homer
4.139805825242719,0.5553398058252427,0.14803149606299212,23.51851851851852,Homer
4.251461988304094,0.5730994152046783,0.1578125,26.666666666666668,Homer
4.203557312252965,0.5652173913043478,0.16850393700787403,26.458333333333332,Homer
4.408914728682171,0.5717054263565892,0.15707620528771385,37.8235294117647,Homer
4.3403846153846155,0.5711538461538461,0.17095310136157338,47.214285714285715,Homer
4.287378640776699,0.570873786407767,0.15384615384615385,37.470588235294116,Homer
4.50597609561753,0.5737051792828686,0.16025641025641027,28.363636363636363,Homer
4.200392927308448,0.5736738703339882,0.16118935837245696,45.642857142857146,Homer
4.312621359223301,0.5689320388349515,0.162754303599374,33.63157894736842,Homer
4.114785992217898,0.5797665369649806,0.1529968454258675,39.625,Homer
4.347140039447732,0.6015779092702169,0.167192429022082,42.266666666666666,Homer
4.321499013806706,0.5305719921104537,0.15993537964458804,23.807692307692307,Homer
4.291585127201565,0.5733855185909981,0.18445121951219512,31.238095238095237,Homer
4.18568665377176,0.5783365570599613,0.17593984962406015,25.576923076923077,Homer
4.224171539961014,0.5730994152046783,0.14803149606299212,31.75,Homer
4.269902912621359,0.5650485436893203,0.1561051004636785,40.4375,Homer
4.152215799614644,0.5741811175337187,0.1689497716894977,34.578947368421055,Homer
4.26171875,0.6171875,0.16037735849056603,25.44,Homer
4.369351669941061,0.6090373280943026,0.19642857142857142,39.529411764705884,Homer
4.153398058252427,0.5864077669902913,0.18099547511312217,34.89473684210526,Homer
4.429961089494164,0.5992217898832685,0.17337461300309598,53.833333333333336,Homer
4.35823754789272,0.5804597701149425,0.16104294478527606,36.22222222222222,Homer
4.436046511627907,0.5833333333333334,0.15323854660347552,28.772727272727273,Homer
4.39453125,0.56640625,0.16744186046511628,32.25,Homer
4.097087378640777,0.570873786407767,0.17522658610271905,33.1,Homer
4.23921568627451,0.6,0.16640746500777606,33.8421052631579,Homer
4.328740157480315,0.6003937007874016,0.16267942583732056,33.0,Homer
4.379647749510763,0.6144814090019569,0.16744186046511628,28.043478260869566,Homer
4.220703125,0.560546875,0.17024539877300612,28.347826086956523,Homer
4.4765625,0.5703125,0.164576802507837,53.166666666666664,Homer
4.28125,0.5859375,0.15566037735849056,21.93103448275862,Homer
4.36964980544747,0.6050583657587548,0.15863141524105753,30.61904761904762,Homer
4.1937984496124034,0.5581395348837209,0.1558641975308642,30.857142857142858,Homer
4.287671232876712,0.6144814090019569,0.15873015873015872,42.0,Homer
4.323076923076923,0.6115384615384616,0.18020679468242246,39.8235294117647,Homer
4.275728155339806,0.5883495145631068,0.15805946791862285,31.95,Homer
4.181818181818182,0.5592885375494071,0.1640625,33.68421052631579,Homer
4.433333333333334,0.5843137254901961,0.1614420062695925,35.44444444444444,Homer
4.279843444227006,0.5870841487279843,0.14556962025316456,28.727272727272727,Homer
4.549514563106796,0.5844660194174758,0.16355140186915887,35.666666666666664,Homer
4.375722543352601,0.581888246628131,0.13924050632911392,48.61538461538461,Homer
4.184824902723736,0.5719844357976653,0.18209408194233687,25.346153846153847,Homer
4.384466019417475,0.5902912621359223,0.15336463223787167,31.95,Homer
4.3353174603174605,0.5793650793650794,0.15584415584415584,25.666666666666668,Homer
4.265895953757226,0.5606936416184971,0.15179968701095461,33.63157894736842,Homer
4.323017408123791,0.6034816247582205,0.15950920245398773,27.166666666666668,Homer
4.359528487229863,0.5893909626719057,0.15629984051036683,28.5,Homer
4.412573673870334,0.5893909626719057,0.17665130568356374,29.59090909090909,Homer
4.400785854616896,0.6090373280943026,0.15151515151515152,39.1875,Homer
4.397286821705427,0.5968992248062015,0.18429003021148035,34.8421052631579,Homer
4.192913385826771,0.562992125984252,0.17111459968602827,27.695652173913043,Homer
4.351669941060904,0.5461689587426326,0.15224358974358973,20.129032258064516,Homer
4.211650485436893,0.5941747572815534,0.18042813455657492,23.357142857142858,Homer
4.106870229007634,0.583969465648855,0.1588502269288956,27.541666666666668,Homer
4.3046875,0.60546875,0.17519379844961241,58.63636363636363,Homer
4.341130604288499,0.5653021442495126,0.16846986089644514,32.35,Homer
4.114785992217898,0.5778210116731517,0.16819571865443425,40.875,Homer
4.14481409001957,0.5538160469667319,0.16897081413210446,26.04,Homer
4.319148936170213,0.5589941972920697,0.1600609756097561,31.238095238095237,Homer
4.186274509803922,0.6,0.1724137931034483,27.73913043478261,Homer
4.186407766990291,0.5689320388349515,0.1679506933744222,22.379310344827587,Homer
4.307240704500979,0.5675146771037182,0.17619783616692428,19.029411764705884,Homer
4.47,0.56,0.18282988871224165,27.347826086956523,Homer
4.166994106090374,0.5658153241650294,0.16772151898734178,30.095238095238095,Homer
4.367504835589942,0.5918762088974855,0.1751497005988024,31.80952380952381,Homer
4.282101167315175,0.5603112840466926,0.16,38.23529411764706,Homer
4.336557059961315,0.5570599613152805,0.14240506329113925,42.13333333333333,Homer
4.330739299610895,0.5933852140077821,0.1537242472266244,42.06666666666667,Homer
4.3438735177865615,0.5553359683794467,0.16905901116427433,36.88235294117647,Homer
4.349609375,0.5625,0.16561514195583596,42.266666666666666,Homer
4.315068493150685,0.5694716242661448,0.16118935837245696,29.045454545454547,Homer
4.417821782178218,0.594059405940594,0.175,25.6,Homer
4.2818003913894325,0.5694716242661448,0.17177914110429449,28.347826086956523,Homer
4.187984496124031,0.562015503875969,0.16383307573415765,28.130434782608695,Homer
4.31163708086785,0.5936883629191322,0.16455696202531644,42.13333333333333,Homer
4.44921875,0.59765625,0.15772870662460567,48.76923076923077,Homer
4.297455968688846,0.5909980430528375,0.1697530864197531,29.454545454545453,Homer
4.345776031434185,0.6149312377210217,0.15286624203821655,39.25,Homer
4.41699604743083,0.5573122529644269,0.1533442088091354,26.652173913043477,Homer
4.3572815533980584,0.5611650485436893,0.15590551181102363,30.238095238095237,Homer
4.310276679841897,0.5810276679841897,0.16429699842022116,42.2,Homer
4.198039215686275,0.5529411764705883,0.16614906832298137,40.25,Homer
4.209803921568628,0.4980392156862745,0.15079365079365079,31.5,Homer
3.9649122807017543,0.6003898635477583,0.16770186335403728,19.515151515151516,Homer
4.235976789168278,0.5957446808510638,0.16282642089093702,38.294117647058826,Homer
4.335907335907336,0.5965250965250966,0.14463452566096424,35.72222222222222,Homer
4.20616570327553,0.5780346820809249,0.17751479289940827,37.55555555555556,Homer
4.173151750972763,0.5739299610894941,0.15813953488372093,40.3125,Homer
4.233009708737864,0.5553398058252427,0.17791411042944785,27.166666666666668,Homer
4.171483622350674,0.5684007707129094,0.15241057542768274,27.956521739130434,Homer
4.16247582205029,0.5880077369439072,0.18385650224215247,39.35294117647059,Homer
4.266924564796906,0.5938104448742747,0.17151607963246554,36.27777777777778,Homer
4.230314960629921,0.5767716535433071,0.15714285714285714,45.0,Homer
4.1498054474708175,0.5603112840466926,0.1609375,29.09090909090909,Homer
4.248062015503876,0.6007751937984496,0.1651376146788991,25.153846153846153,Homer
4.321285140562249,0.5120481927710844,0.12998266897746968,41.214285714285715,Homer
4.7309322033898304,0.6271186440677966,0.15878378378378377,19.733333333333334,Homer
4.605022831050229,0.6575342465753424,0.2701863354037267,10.0625,Homer
4.443458980044346,0.6696230598669624,0.25997045790251105,11.87719298245614,Homer
4.552631578947368,0.5394736842105263,0.21496815286624205,19.625,Homer
4.556485355648536,0.5209205020920502,0.2071651090342679,23.77777777777778,Homer
4.603340292275574,0.5803757828810021,0.16556291390728478,30.2,Homer
4.723492723492724,0.5862785862785863,0.17320261437908496,25.5,Homer
4.559071729957806,0.580168776371308,0.18981481481481483,24.923076923076923,Homer
4.461215932914046,0.5723270440251572,0.17956656346749225,25.84,Homer
4.349036402569594,0.6059957173447538,0.21961932650073207,21.34375,Homer
4.7809917355371905,0.5743801652892562,0.18619582664526485,25.958333333333332,Homer
4.452229299363057,0.5626326963906582,0.21981424148606812,23.071428571428573,Homer
4.874226804123711,0.5979381443298969,0.14502529510961215,32.94444444444444,Homer
4.735483870967742,0.621505376344086,0.21921921921921922,19.58823529411765,Homer
4.418708240534521,0.623608017817372,0.2805049088359046,13.203703703703704,Homer
4.509513742071881,0.6088794926004228,0.1918876755070203,25.64,Homer
4.435729847494553,0.6339869281045751,0.2503556187766714,18.025641025641026,Homer
4.424116424116424,0.5758835758835759,0.2,25.384615384615383,Homer
4.611231101511879,0.6177105831533477,0.21981424148606812,22.275862068965516,Homer
4.459518599562363,0.6061269146608315,0.22923076923076924,15.853658536585366,Homer
4.342672413793103,0.6185344827586207,0.21481481481481482,17.307692307692307,Homer
4.644957983193278,0.592436974789916,0.2085889570552147,26.08,Homer
4.450106157112526,0.5626326963906582,0.20186335403726707,30.666666666666668,Homer
4.29723991507431,0.6157112526539278,0.20527859237536658,22.733333333333334,Homer
4.437100213219616,0.6289978678038379,0.22106824925816024,21.741935483870968,Homer
4.419624217118998,0.5720250521920668,0.1917808219178082,20.53125,Homer
4.482828282828283,0.5595959595959596,0.13087248322147652,37.25,Homer
4.41014799154334,0.5813953488372093,0.21495327102803738,23.77777777777778,Homer
4.655172413793103,0.6004056795131846,0.1648177496038035,33.21052631578947,Homer
4.612159329140461,0.6016771488469602,0.20998531571218795,21.28125,Homer
4.532908704883227,0.5732484076433121,0.1808,23.14814814814815,Homer
4.386609071274298,0.6133909287257019,0.25148809523809523,15.627906976744185,Homer
4.508474576271187,0.6101694915254238,0.18019480519480519,36.23529411764706,Homer
4.573146292585171,0.531062124248497,0.1076923076923077,32.5,Homer
4.683962264150943,0.6745283018867925,0.13636363636363635,33.0,Homer
4.230452674897119,0.5041152263374485,0.2375776397515528,15.707317073170731,Virginia Woolf
4.245019920318725,0.547808764940239,0.234375,14.883720930232558,Virginia Woolf
4.037924151696607,0.469061876247505,0.1964573268921095,15.923076923076923,Virginia Woolf
4.414829659318637,0.5270541082164328,0.18494271685761046,16.07894736842105,Virginia Woolf
4.108,0.536,0.16917922948073702,17.558823529411764,Virginia Woolf
4.342574257425743,0.5405940594059406,0.2269170579029734,17.27027027027027,Virginia Woolf
4.174257425742574,0.47326732673267324,0.2626112759643917,12.481481481481481,Virginia Woolf
4.386,0.534,0.19838709677419356,21.379310344827587,Virginia Woolf
4.3667334669338675,0.531062124248497,0.1658206429780034,18.46875,Virginia Woolf
4.280241935483871,0.5342741935483871,0.30029154518950435,14.91304347826087,Virginia Woolf
4.119096509240246,0.486652977412731,0.27586206896551724,15.511627906976743,Virginia Woolf
4.214711729622266,0.5427435387673957,0.1819672131147541,18.484848484848484,Virginia Woolf
4.461240310077519,0.5697674418604651,0.2667660208643815,22.366666666666667,Virginia Woolf
4.261386138613862,0.5544554455445545,0.22044728434504793,20.866666666666667,Virginia Woolf
4.22289156626506,0.5020080321285141,0.24336973478939158,18.314285714285713,Virginia Woolf
4.1420118343195265,0.514792899408284,0.2719033232628399,16.55,Virginia Woolf
4.122873345935727,0.5387523629489603,0.3056338028169014,19.72222222222222,Virginia Woolf
4.2122370936902485,0.5124282982791587,0.28425655976676384,19.055555555555557,Virginia Woolf
4.389863547758285,0.5380116959064327,0.24808575803981622,28.391304347826086,Virginia Woolf
4.314851485148515,0.5188118811881188,0.27786032689450224,17.710526315789473,Virginia Woolf
4.200779727095517,0.5594541910331384,0.31586402266288954,11.206349206349206,Virginia Woolf
4.021868787276342,0.5606361829025845,0.2569230769230769,18.571428571428573,Virginia Woolf
4.325443786982248,0.5877712031558185,0.2465331278890601,20.28125,Virginia Woolf
4.368110236220472,0.6003937007874016,0.2757078986587183,12.903846153846153,Virginia Woolf
4.48991935483871,0.5766129032258065,0.1896838602329451,18.21212121212121,Virginia Woolf
4.154929577464789,0.49295774647887325,0.15025906735751296,27.571428571428573,Virginia Woolf
4.293762575452717,0.5653923541247485,0.14010507880910683,33.588235294117645,Virginia Woolf
4.487077534791252,0.562624254473161,0.18677685950413223,35.588235294117645,Virginia Woolf
4.358,0.52,0.14629948364888123,25.26086956521739,Virginia Woolf
4.4188376753507015,0.5110220440881763,0.13588850174216027,44.15384615384615,Virginia Woolf
3.908366533864542,0.4701195219123506,0.11586452762923351,37.4,Virginia Woolf
4.183794466403162,0.5592885375494071,0.19636963696369636,26.347826086956523,Virginia Woolf
4.351190476190476,0.5099206349206349,0.1692047377326565,24.625,Virginia Woolf
4.594810379241517,0.5429141716566867,0.14634146341463414,38.266666666666666,Virginia Woolf
4.330661322645291,0.5390781563126252,0.15771230502599654,33.94117647058823,Virginia Woolf
4.208,0.538,0.1649659863945578,34.588235294117645,Virginia Woolf
4.153225806451613,0.717741935483871,0.3431952662721893,8.45,Virginia Woolf
4.676113360323886,0.562753036437247,0.09437386569872959,55.1,Thomas Hardy
4.696787148594377,0.5301204819277109,0.0944741532976827,43.15384615384615,Thomas Hardy
4.730223123732252,0.5841784989858012,0.136986301369863,36.5,Thomas Hardy
4.2008032128514055,0.5321285140562249,0.14217252396166133,26.083333333333332,Thomas Hardy
4.109375,0.509765625,0.14176829268292682,43.733333333333334,Thomas Hardy
3.972972972972973,0.5077220077220077,0.13333333333333333,30.0,Thomas Hardy
4.112871287128713,0.5326732673267327,0.13015873015873017,35.0,Thomas Hardy
4.546184738955823,0.5622489959839357,0.11867364746945899,28.65,Thomas Hardy
4.395161290322581,0.5342741935483871,0.14017094017094017,32.5,Thomas Hardy
4.357285429141717,0.5469061876247505,0.1361344537815126,33.05555555555556,Thomas Hardy
4.225742574257426,0.5247524752475248,0.13333333333333333,30.0,Thomas Hardy
4.208747514910537,0.4990059642147117,0.11498257839721254,23.916666666666668,Thomas Hardy
4.376,0.538,0.11932773109243698,33.05555555555556,Thomas Hardy
4.27734375,0.5625,0.13322884012539185,31.9,Thomas Hardy
3.9801587301587302,0.5198412698412699,0.14328808446455504,22.1,Thomas Hardy
4.626774847870182,0.5537525354969574,0.12190812720848057,29.789473684210527,Thomas Hardy
4.470238095238095,0.5873015873015873,0.12080536912751678,33.111111111111114,Thomas Hardy
4.360236220472441,0.5688976377952756,0.12480252764612954,39.5625,Thomas Hardy
4.005905511811024,0.5118110236220472,0.13122171945701358,28.82608695652174,Thomas Hardy
4.2108317214700195,0.5357833655705996,0.09485530546623794,47.84615384615385,Thomas Hardy
4.271457085828343,0.5548902195608783,0.12395309882747069,28.428571428571427,Thomas Hardy
4.139165009940358,0.5049701789264414,0.12037037037037036,29.454545454545453,Thomas Hardy
4.302788844621514,0.5378486055776892,0.11703958691910499,24.208333333333332,Thomas Hardy
4.286852589641434,0.5398406374501992,0.1135593220338983,22.692307692307693,Thomas Hardy
4.184523809523809,0.5158730158730159,0.12111292962356793,25.458333333333332,Thomas Hardy
4.167322834645669,0.5177165354330708,0.10214168039538715,30.35,Thomas Hardy
4.4115308151093435,0.5407554671968191,0.10645724258289703,44.07692307692308,Thomas Hardy
4.533066132264529,0.5410821643286573,0.12286689419795221,34.470588235294116,Thomas Hardy
4.090196078431372,0.4980392156862745,0.1400304414003044,28.565217391304348,Thomas Hardy
4.030120481927711,0.5080321285140562,0.1430817610062893,30.285714285714285,Thomas Hardy
4.23921568627451,0.5352941176470588,0.10967741935483871,32.63157894736842,Thomas Hardy
4.33201581027668,0.5296442687747036,0.11745513866231648,24.52,Thomas Hardy
3.8910505836575875,0.4785992217898833,0.11834319526627218,30.727272727272727,Thomas Hardy
3.978723404255319,0.5029013539651838,0.1358936484490399,22.566666666666666,Thomas Hardy
4.26,0.546,0.11428571428571428,24.791666666666668,Thomas Hardy
3.9239766081871346,0.5458089668615984,0.12286158631415241,32.15,Thomas Hardy
4.116141732283465,0.5196850393700787,0.1312803889789303,25.708333333333332,Thomas Hardy
4.226824457593688,0.5285996055226825,0.13036565977742448,26.208333333333332,Thomas Hardy
3.992156862745098,0.503921568627451,0.14545454545454545,22.75862068965517,Thomas Hardy
4.103515625,0.521484375,0.14826021180030258,26.44,Thomas Hardy
3.990253411306043,0.49317738791423,0.13567073170731708,21.866666666666667,Thomas Hardy
4.5875251509054324,0.5432595573440644,0.10899653979238755,36.125,Thomas Hardy
4.205940594059406,0.5247524752475248,0.13614262560777957,25.708333333333332,Thomas Hardy
4.116831683168317,0.5227722772277228,0.11889250814332247,23.615384615384617,Thomas Hardy
4.38715953307393,0.5272373540856031,0.12238325281803543,28.227272727272727,Thomas Hardy
4.679358717434869,0.5731462925851704,0.1,31.11111111111111,Thomas Hardy
4.488,0.538,0.0989399293286219,29.789473684210527,Thomas Hardy
4.246492985971944,0.56312625250501,0.12331081081081081,21.142857142857142,Thomas Hardy
4.290909090909091,0.5393939393939394,0.1404399323181049,39.4,Thomas Hardy
4.444444444444445,0.5158730158730159,0.10517241379310345,24.166666666666668,Thomas Hardy
4.2426614481409,0.5596868884540117,0.10929853181076672,26.652173913043477,Thomas Hardy
4.328657314629258,0.5531062124248497,0.12845528455284552,34.166666666666664,Thomas Hardy
4.166666666666667,0.5436507936507936,0.13629160063391443,33.21052631578947,Thomas Hardy
3.964426877470356,0.5138339920948617,0.14814814814814814,27.0,Thomas Hardy
4.138671875,0.52734375,0.10989010989010989,28.954545454545453,Thomas Hardy
4.500986193293886,0.5857988165680473,0.10344827586206896,25.217391304347824,Thomas Hardy
4.341317365269461,0.5329341317365269,0.11604095563139932,26.636363636363637,Thomas Hardy
3.8414872798434443,0.48532289628180036,0.13043478260869565,23.0,Thomas Hardy
3.8875739644970415,0.4990138067061144,0.1264,28.40909090909091,Thomas Hardy
4.106425702811245,0.5281124497991968,0.13064516129032258,20.666666666666668,Thomas Hardy
3.9844357976653697,0.519455252918288,0.1318181818181818,23.571428571428573,Thomas Hardy
3.9684418145956606,0.4812623274161736,0.12195121951219512,21.964285714285715,Thomas Hardy
4.5409181636726546,0.5489021956087824,0.1292517006802721,42.0,Thomas Hardy
4.312749003984064,0.5239043824701195,0.11438474870017332,30.36842105263158,Thomas Hardy
4.65587044534413,0.562753036437247,0.12056737588652482,25.636363636363637,Thomas Hardy
4.327935222672065,0.5222672064777328,0.1045045045045045,42.69230769230769,Thomas Hardy
4.342741935483871,0.5504032258064516,0.10638297872340426,33.1764705882353,Thomas Hardy
4.197604790419161,0.5089820359281437,0.11169284467713787,28.65,Thomas Hardy
4.292490118577075,0.5158102766798419,0.11129568106312292,30.1,Thomas Hardy
4.482,0.522,0.09821428571428571,26.666666666666668,Thomas Hardy
4.402390438247012,0.5537848605577689,0.11703958691910499,25.26086956521739,Thomas Hardy
4.46613545816733,0.545816733067729,0.11204013377926421,54.36363636363637,Thomas Hardy
4.453465346534654,0.5445544554455446,0.1094017094017094,32.5,Thomas Hardy
4.0662768031189085,0.5243664717348928,0.10989010989010989,31.85,Thomas Hardy
4.303501945525292,0.5175097276264592,0.08673469387755102,29.4,Thomas Hardy
4.430555555555555,0.5238095238095238,0.1076388888888889,27.428571428571427,Thomas Hardy
4.363095238095238,0.5119047619047619,0.08687943262411348,33.1764705882353,Thomas Hardy
4.622489959839357,0.5542168674698795,0.12280701754385964,25.90909090909091,Thomas Hardy
4.6305220883534135,0.5783132530120482,0.12478031634446397,40.642857142857146,Thomas Hardy
4.577154308617234,0.5591182364729459,0.10442477876106195,35.3125,Thomas Hardy
3.9960474308300395,0.5573122529644269,0.11582381729200653,29.19047619047619,Thomas Hardy
4.139720558882235,0.5109780439121756,0.12520593080724876,33.72222222222222,Thomas Hardy
3.9226305609284333,0.5261121856866537,0.1140215716486903,34.1578947368421,Thomas Hardy
3.8796844181459567,0.4911242603550296,0.12980769230769232,41.6,Thomas Hardy
4.463073852295409,0.5429141716566867,0.10634648370497427,30.68421052631579,Thomas Hardy
4.205128205128205,0.5305719921104537,0.12807881773399016,30.45,Thomas Hardy
4.136546184738956,0.5220883534136547,0.12887438825448613,27.863636363636363,Thomas Hardy
4.401197604790419,0.5089820359281437,0.11544991511035653,36.8125,Thomas Hardy
4.42,0.538,0.11188811188811189,30.105263157894736,Thomas Hardy
4.577909270216963,0.5739644970414202,0.11993243243243243,39.46666666666667,Thomas Hardy
4.226452905811623,0.5511022044088176,0.12935323383084577,35.470588235294116,Thomas Hardy
4.578217821782178,0.5544554455445545,0.10380622837370242,34.0,Thomas Hardy
4.548780487804878,0.556910569105691,0.125,27.047619047619047,Thomas Hardy
4.243083003952569,0.5395256916996047,0.15220700152207,32.85,Thomas Hardy
4.251485148514852,0.5287128712871287,0.11813643926788686,26.130434782608695,Thomas Hardy
4.27810650887574,0.5009861932938856,0.09719934102141681,50.583333333333336,Thomas Hardy
4.1038461538461535,0.5384615384615384,0.10096153846153846,32.8421052631579,Thomas Hardy
4.369261477045908,0.5349301397205589,0.11805555555555555,27.428571428571427,Thomas Hardy
4.347389558232932,0.5562248995983936,0.12041884816753927,28.65,Thomas Hardy
4.387673956262425,0.5904572564612326,0.12941176470588237,31.31578947368421,Thomas Hardy
3.8279158699808797,0.4894837476099426,0.1222707423580786,26.423076923076923,Thomas Hardy
4.105577689243028,0.5358565737051793,0.14285714285714285,26.541666666666668,Thomas Hardy
4.0436507936507935,0.49007936507936506,0.15703703703703703,20.454545454545453,Thomas Hardy
4.312252964426878,0.5434782608695652,0.11892797319932999,23.88,Thomas Hardy
4.481188118811882,0.5643564356435643,0.12292358803986711,40.13333333333333,Thomas Hardy
4.353413654618474,0.5522088353413654,0.13971742543171115,25.48,Thomas Hardy
4.398785425101215,0.5607287449392713,0.1360544217687075,34.588235294117645,Thomas Hardy
4.162698412698413,0.5257936507936508,0.13291139240506328,22.571428571428573,Thomas Hardy
4.180722891566265,0.5180722891566265,0.1309328968903437,18.515151515151516,Thomas Hardy
3.907662082514735,0.5049115913555993,0.13063763608087092,18.91176470588235,Thomas Hardy
4.405511811023622,0.5334645669291339,0.11658456486042693,32.05263157894737,Thomas Hardy
4.524390243902439,0.5813008130081301,0.12345679012345678,29.842105263157894,Thomas Hardy
4.299401197604791,0.5249500998003992,0.13013698630136986,26.545454545454547,Thomas Hardy
4.261121856866538,0.5473887814313346,0.12618296529968454,27.565217391304348,Thomas Hardy
4.696177062374246,0.5513078470824949,0.13527397260273974,23.36,Thomas Hardy
4.292,0.526,0.0912280701754386,27.142857142857142,Thomas Hardy
4.2317073170731705,0.5182926829268293,0.1377551020408163,26.727272727272727,Thomas Hardy
4.531620553359684,0.5454545454545454,0.11226252158894647,36.1875,Thomas Hardy
4.686,0.522,0.10758377425044091,27.0,Thomas Hardy
4.587301587301587,0.5416666666666666,0.11892797319932999,33.166666666666664,Thomas Hardy
4.156626506024097,0.4959839357429719,0.11774461028192372,27.40909090909091,Thomas Hardy
4.10934393638171,0.5069582504970179,0.11735537190082644,43.214285714285715,Thomas Hardy
4.28714859437751,0.5,0.13266998341625208,37.6875,Thomas Hardy
4.751503006012024,0.5290581162324649,0.11558669001751314,35.6875,Thomas Hardy
4.367469879518072,0.5461847389558233,0.12871287128712872,31.894736842105264,Thomas Hardy
4.252525252525253,0.5515151515151515,0.11815068493150685,36.5,Thomas Hardy
4.2152917505030185,0.5211267605633803,0.12755102040816327,28.0,Thomas Hardy
4.021739130434782,0.5118577075098815,0.1291866028708134,28.5,Thomas Hardy
4.125,0.5436507936507936,0.13700787401574804,28.863636363636363,Thomas Hardy
4.2421259842519685,0.5393700787401575,0.09540034071550256,41.92857142857143,Thomas Hardy
3.9441233140655108,0.4624277456647399,0.11450381679389313,26.2,Thomas Hardy
4.355289421157685,0.5369261477045908,0.109375,25.043478260869566,Thomas Hardy
4.095808383233533,0.500998003992016,0.15179968701095461,31.95,Thomas Hardy
4.166666666666667,0.5277777777777778,0.1482059282371295,22.103448275862068,Thomas Hardy
4.065891472868217,0.5445736434108527,0.13403614457831325,22.896551724137932,Thomas Hardy
4.478260869565218,0.5474308300395256,0.11092150170648464,26.636363636363637,Thomas Hardy
4.035856573705179,0.50199203187251,0.1337579617834395,23.25925925925926,Thomas Hardy
4.362725450901803,0.5490981963927856,0.1141396933560477,24.458333333333332,Thomas Hardy
4.122,0.556,0.13247172859450726,21.344827586206897,Thomas Hardy
4.342,0.558,0.11577181208053691,35.05882352941177,Thomas Hardy
3.998073217726397,0.4393063583815029,0.11782477341389729,23.642857142857142,Thomas Hardy
3.8802395209580838,0.4530938123752495,0.15038759689922482,30.714285714285715,Thomas Hardy
3.9051383399209487,0.4881422924901186,0.1260096930533118,24.76,Thomas Hardy
4.353876739562624,0.5029821073558648,0.1234991423670669,25.347826086956523,Thomas Hardy
4.395209580838324,0.5728542914171657,0.09581881533101046,41.0,Thomas Hardy
4.369565217391305,0.5474308300395256,0.10862068965517241,32.22222222222222,Thomas Hardy
4.003937007874016,0.5039370078740157,0.12277867528271405,29.476190476190474,Thomas Hardy
3.8027079303675047,0.4874274661508704,0.10493827160493827,30.857142857142858,Thomas Hardy
3.913127413127413,0.46525096525096526,0.1449067431850789,19.914285714285715,Thomas Hardy
4.13627254509018,0.5190380761523046,0.12074829931972789,34.588235294117645,Thomas Hardy
4.16869918699187,0.5487804878048781,0.13213703099510604,27.863636363636363,Thomas Hardy
4.502032520325203,0.5223577235772358,0.10498220640569395,29.57894736842105,Thomas Hardy
4.18,0.51,0.09330985915492958,28.4,Thomas Hardy
4.140280561122244,0.531062124248497,0.12908496732026145,19.125,Thomas Hardy
4.0554455445544555,0.5089108910891089,0.10671256454388985,27.666666666666668,Thomas Hardy
4.104208416833667,0.5210420841683366,0.13376835236541598,23.576923076923077,Thomas Hardy
4.108870967741935,0.5100806451612904,0.1039426523297491,19.24137931034483,Thomas Hardy
4.205128205128205,0.5266272189349113,0.08885017421602788,33.76470588235294,Thomas Hardy
4.193158953722334,0.5352112676056338,0.13122923588039867,30.1,Thomas Hardy
4.438877755511022,0.5110220440881763,0.10142348754448399,31.22222222222222,Thomas Hardy
4.094302554027505,0.48330058939096265,0.1053484602917342,24.68,Thomas Hardy
4.211576846307385,0.5209580838323353,0.11986863711001643,24.36,Thomas Hardy
4.532128514056225,0.5441767068273092,0.12100840336134454,25.869565217391305,Thomas Hardy
4.063745019920319,0.5219123505976095,0.14169381107491857,17.542857142857144,Thomas Hardy
4.173913043478261,0.49209486166007904,0.1280388978930308,25.708333333333332,Thomas Hardy
3.992,0.512,0.12841091492776885,23.074074074074073,Thomas Hardy
3.8781925343811396,0.5029469548133595,0.1336405529953917,40.6875,Thomas Hardy
4.230923694779117,0.5220883534136547,0.12248322147651007,21.285714285714285,Thomas Hardy
3.848605577689243,0.49800796812749004,0.14308681672025725,22.214285714285715,Thomas Hardy
4.399602385685885,0.5347912524850894,0.1299342105263158,20.266666666666666,Thomas Hardy
3.899209486166008,0.45454545454545453,0.15326251896813353,21.966666666666665,Thomas Hardy
3.9559118236472948,0.49298597194388777,0.11920529801324503,33.55555555555556,Thomas Hardy
4.179640718562874,0.5289421157684631,0.11091549295774648,23.666666666666668,Thomas Hardy
4.094674556213017,0.46745562130177515,0.13036565977742448,23.296296296296298,Thomas Hardy
4.217131474103586,0.5139442231075697,0.1111111111111111,21.666666666666668,Thomas Hardy
4.6242544731610336,0.5407554671968191,0.11379310344827587,25.217391304347824,Thomas Hardy
4.19758064516129,0.5080645161290323,0.11888111888111888,28.6,Thomas Hardy
3.8471953578336557,0.46808510638297873,0.13525179856115108,24.821428571428573,Thomas Hardy
4.046092184368738,0.5150300601202404,0.13875598086124402,19.59375,Thomas Hardy
4.202783300198807,0.5208747514910537,0.1314935064935065,21.24137931034483,Thomas Hardy
4.329317269076305,0.5100401606425703,0.11724137931034483,24.166666666666668,Thomas Hardy
4.424418604651163,0.5232558139534884,0.11993517017828201,23.73076923076923,Thomas Hardy
4.343434343434343,0.5171717171717172,0.1226890756302521,23.8,Thomas Hardy
4.46078431372549,0.5745098039215686,0.11666666666666667,31.57894736842105,Thomas Hardy
4.23943661971831,0.5070422535211268,0.131175468483816,24.458333333333332,Thomas Hardy
4.433467741935484,0.5443548387096774,0.12302284710017575,28.45,Thomas Hardy
4.295180722891566,0.5281124497991968,0.11423550087873462,22.76,Thomas Hardy
4.471887550200803,0.5020080321285141,0.1103202846975089,35.125,Thomas Hardy
4.293762575452717,0.5171026156941649,0.10283687943262411,37.6,Thomas Hardy
4.049603174603175,0.48214285714285715,0.10490693739424704,28.142857142857142,Thomas Hardy
4.03784860557769,0.5079681274900398,0.12647554806070826,31.210526315789473,Thomas Hardy
3.867052023121387,0.4489402697495183,0.13226744186046513,28.666666666666668,Thomas Hardy
4.107899807321773,0.5221579961464354,0.10383386581469649,31.3,Thomas Hardy
4.124015748031496,0.5118110236220472,0.10942760942760943,33.0,Thomas Hardy
4.404809619238477,0.5390781563126252,0.09172661870503597,23.166666666666668,Thomas Hardy
4.2312252964426875,0.49407114624505927,0.10102739726027397,23.36,Thomas Hardy
4.079681274900398,0.49203187250996017,0.1143317230273752,31.05,Thomas Hardy
4.131736526946108,0.500998003992016,0.12191103789126853,21.678571428571427,Thomas Hardy
4.554216867469879,0.5582329317269076,0.0925589836660617,32.411764705882355,Thomas Hardy
4.281124497991968,0.5321285140562249,0.11262798634812286,29.3,Thomas Hardy
3.942,0.476,0.12254901960784313,21.103448275862068,Thomas Hardy
3.8286852589641436,0.4800796812749004,0.14739884393063585,21.625,Thomas Hardy
3.8793774319066148,0.4688715953307393,0.14157973174366617,21.64516129032258,Thomas Hardy
4.346,0.53,0.11169284467713787,27.285714285714285,Thomas Hardy
4.349802371541502,0.45652173913043476,0.10332749562171628,28.55,Thomas Hardy
4.515090543259557,0.5150905432595574,0.1059245960502693,30.944444444444443,Thomas Hardy
4.572564612326044,0.5208747514910537,0.08960573476702509,42.92307692307692,Thomas Hardy
4.15,0.532,0.12542372881355932,21.85185185185185,Thomas Hardy
4.5019762845849804,0.5454545454545454,0.10535405872193437,41.357142857142854,Thomas Hardy
4.080160320641283,0.5390781563126252,0.11379310344827587,27.61904761904762,Thomas Hardy
4.449596774193548,0.5342741935483871,0.12629757785467127,25.130434782608695,Thomas Hardy
4.0256410256410255,0.4970414201183432,0.13302034428794993,22.821428571428573,Thomas Hardy
3.942231075697211,0.5099601593625498,0.13694267515923567,24.153846153846153,Thomas Hardy
4.402,0.542,0.11672473867595819,31.88888888888889,Thomas Hardy
4.3881188118811885,0.5504950495049505,0.12020033388981637,28.523809523809526,Thomas Hardy
4.355864811133201,0.5506958250497018,0.0954861111111111,44.30769230769231,Thomas Hardy
4.265060240963855,0.5582329317269076,0.12435233160621761,27.571428571428573,Thomas Hardy
4.18436873747495,0.5210420841683366,0.14497528830313014,27.59090909090909,Thomas Hardy
3.9578313253012047,0.4919678714859438,0.12111292962356793,27.772727272727273,Thomas Hardy
3.8280632411067192,0.4644268774703557,0.12244897959183673,31.85,Thomas Hardy
3.871794871794872,0.5009861932938856,0.12857142857142856,20.322580645161292,Thomas Hardy
4.2565130260521045,0.5050100200400801,0.09515260323159784,23.208333333333332,Thomas Hardy
4.236947791164659,0.5441767068273092,0.11423550087873462,37.93333333333333,Thomas Hardy
4.394308943089431,0.5304878048780488,0.14482758620689656,26.363636363636363,Thomas Hardy
4.38508064516129,0.5262096774193549,0.13043478260869565,26.136363636363637,Thomas Hardy
4.459839357429719,0.5401606425702812,0.13377926421404682,22.14814814814815,Thomas Hardy
4.316831683168317,0.499009900990099,0.09565217391304348,31.944444444444443,Thomas Hardy
4.3782178217821786,0.5722772277227722,0.12289562289562289,29.7,Thomas Hardy
4.693548387096774,0.5584677419354839,0.11879432624113476,31.333333333333332,Thomas Hardy
4.458333333333333,0.5059523809523809,0.10088495575221239,20.925925925925927,Thomas Hardy
4.164383561643835,0.5303326810176126,0.12738853503184713,24.153846153846153,Thomas Hardy
3.990234375,0.4921875,0.10551948051948051,29.333333333333332,Thomas Hardy
4.095049504950495,0.5386138613861386,0.11019736842105263,32.0,Thomas Hardy
4.033663366336634,0.5227722772277228,0.13902053712480253,23.444444444444443,Thomas Hardy
4.295634920634921,0.5218253968253969,0.10102739726027397,26.545454545454547,Thomas Hardy
4.224032586558045,0.5458248472505092,0.13242784380305603,28.047619047619047,Thomas Hardy
4.096267190569745,0.518664047151277,0.12459546925566344,21.310344827586206,Thomas Hardy
3.9486166007905137,0.4762845849802372,0.1588921282798834,22.129032258064516,Thomas Hardy
3.8715415019762847,0.4525691699604743,0.15703703703703703,23.275862068965516,Thomas Hardy
4.180914512922465,0.5009940357852882,0.09012131715771231,33.94117647058823,Thomas Hardy
4.001964636542239,0.48919449901768175,0.12828438948995363,23.107142857142858,Thomas Hardy
3.9921259842519685,0.45866141732283466,0.12848297213622292,30.761904761904763,Thomas Hardy
4.02868068833652,0.5277246653919694,0.11897590361445783,20.75,Thomas Hardy
4.451219512195122,0.532520325203252,0.12302284710017575,33.470588235294116,Thomas Hardy
4.4346938775510205,0.5387755102040817,0.13134851138353765,35.6875,Thomas Hardy
3.9743589743589745,0.5069033530571992,0.1238244514106583,33.578947368421055,Thomas Hardy
4.210843373493976,0.5200803212851406,0.14959349593495935,25.625,Thomas Hardy
3.8897637795275593,0.4940944881889764,0.1237785016286645,36.11764705882353,Thomas Hardy
3.7470588235294118,0.4666666666666667,0.13543307086614173,28.863636363636363,Thomas Hardy
4.134122287968442,0.5207100591715976,0.11822660098522167,21.0,Thomas Hardy
4.449799196787149,0.5401606425702812,0.11072056239015818,29.94736842105263,Thomas Hardy
4.152917505030181,0.5171026156941649,0.12136752136752137,26.59090909090909,Thomas Hardy
3.7514563106796115,0.45436893203883494,0.11612903225806452,21.379310344827587,Thomas Hardy
3.5366336633663367,0.3900990099009901,0.12006861063464837,20.821428571428573,Thomas Hardy
3.7948207171314743,0.5039840637450199,0.10278745644599303,31.88888888888889,Thomas Hardy
4.526,0.53,0.08876811594202899,30.666666666666668,Thomas Hardy
4.550200803212851,0.5120481927710844,0.10714285714285714,22.4,Thomas Hardy
4.4603174603174605,0.5138888888888888,0.10627177700348432,22.076923076923077,Thomas Hardy
4.298,0.51,0.09688581314878893,34.0,Thomas Hardy
4.118367346938776,0.5326530612244897,0.1292517006802721,39.2,Thomas Hardy
4.407554671968191,0.536779324055666,0.09236234458259325,33.11764705882353,Thomas Hardy
4.339920948616601,0.5355731225296443,0.10490693739424704,28.142857142857142,Thomas Hardy
4.379518072289157,0.5421686746987951,0.11012433392539965,29.63157894736842,Thomas Hardy
3.8406374501992033,0.4601593625498008,0.1348314606741573,20.766666666666666,Thomas Hardy
4.204771371769383,0.5168986083499006,0.13488372093023257,29.318181818181817,Thomas Hardy
4.705765407554672,0.5288270377733598,0.10104529616724739,33.76470588235294,Thomas Hardy
4.362173038229376,0.5070422535211268,0.11917098445595854,28.95,Thomas Hardy
3.774066797642436,0.4361493123772102,0.14798206278026907,20.90625,Thomas Hardy
3.9784313725490197,0.4745098039215686,0.1484848484848485,23.571428571428573,Thomas Hardy
4.188755020080321,0.5200803212851406,0.13513513513513514,22.76923076923077,Thomas Hardy
4.37125748502994,0.5289421157684631,0.12721417069243157,23.884615384615383,Thomas Hardy
4.364,0.54,0.13781512605042018,33.05555555555556,Thomas Hardy
4.358415841584159,0.5326732673267327,0.11021069692058347,32.473684210526315,Thomas Hardy
4.26232741617357,0.5483234714003945,0.11677631578947369,30.4,Thomas Hardy
4.25940594059406,0.5108910891089109,0.13376835236541598,22.703703703703702,Thomas Hardy
4.155818540433925,0.5108481262327417,0.11018363939899833,28.523809523809526,Thomas Hardy
4.181086519114688,0.5472837022132797,0.11844331641285956,28.142857142857142,Thomas Hardy
4.139720558882235,0.5169660678642715,0.1094017094017094,27.857142857142858,Thomas Hardy
3.8330019880715707,0.46123260437375746,0.1506849315068493,25.391304347826086,Thomas Hardy
4.402,0.536,0.1056338028169014,43.69230769230769,Thomas Hardy
4.300198807157058,0.48111332007952284,0.08633093525179857,34.75,Thomas Hardy
4.023391812865497,0.49317738791423,0.1228878648233487,28.304347826086957,Thomas Hardy
4.246,0.54,0.1260096930533118,29.476190476190474,Thomas Hardy
4.232931726907631,0.4799196787148594,0.14930015552099535,21.433333333333334,Thomas Hardy
3.8585461689587426,0.481335952848723,0.13009404388714735,22.785714285714285,Thomas Hardy
4.28,0.524,0.13957307060755336,27.681818181818183,Thomas Hardy
3.8365758754863815,0.4474708171206226,0.16025641025641027,29.714285714285715,Thomas Hardy
4.311244979919679,0.4839357429718876,0.12323943661971831,22.72,Thomas Hardy
4.13627254509018,0.49498997995991983,0.11867364746945899,30.157894736842106,Thomas Hardy
3.652427184466019,0.42524271844660194,0.11345218800648298,22.035714285714285,Thomas Hardy
4.225548902195609,0.5049900199600799,0.11965811965811966,27.857142857142858,Thomas Hardy
4.377510040160643,0.5502008032128514,0.12520868113522537,27.227272727272727,Thomas Hardy
4.365656565656566,0.5434343434343434,0.14072847682119205,23.23076923076923,Thomas Hardy
4.203629032258065,0.5383064516129032,0.13400335008375208,23.88,Thomas Hardy
4.226,0.552,0.11876075731497418,26.40909090909091,Thomas Hardy
4.354124748490945,0.5633802816901409,0.1206896551724138,20.714285714285715,Thomas Hardy
4.158,0.526,0.1410459587955626,21.75862068965517,Thomas Hardy
4.112676056338028,0.5352112676056338,0.13810316139767054,21.464285714285715,Thomas Hardy
4.279678068410463,0.5251509054325956,0.14497528830313014,23.346153846153847,Thomas Hardy
4.408284023668639,0.5305719921104537,0.1226890756302521,27.045454545454547,Thomas Hardy
4.425242718446602,0.5145631067961165,0.10099337748344371,54.90909090909091,Daniel Defoe
4.5458167330677295,0.4541832669322709,0.12347826086956522,115.0,Daniel Defoe
3.9204771371769382,0.43141153081510936,0.08992805755395683,79.42857142857143,Daniel Defoe
3.9620758483033933,0.42115768463073855,0.1054481546572935,94.83333333333333,Daniel Defoe
3.9301397205588824,0.4530938123752495,0.11578947368421053,71.25,Daniel Defoe
3.960474308300395,0.48023715415019763,0.12685337726523888,50.583333333333336,Daniel Defoe
4.036290322580645,0.46169354838709675,0.13391304347826086,47.916666666666664,Daniel Defoe
3.8316633266533064,0.4529058116232465,0.12631578947368421,35.625,Daniel Defoe
3.9025844930417497,0.46322067594433397,0.10600706713780919,80.85714285714286,Daniel Defoe
3.83,0.458,0.11564625850340136,58.8,Daniel Defoe
4.150793650793651,0.501984126984127,0.11703958691910499,52.81818181818182,Daniel Defoe
4.070707070707071,0.44242424242424244,0.1168141592920354,62.77777777777778,Daniel Defoe
4.124748490945674,0.48893360160965793,0.12975778546712802,44.46153846153846,Daniel Defoe
3.934,0.458,0.11754385964912281,63.333333333333336,Daniel Defoe
3.9534412955465585,0.4473684210526316,0.12743362831858407,70.625,Daniel Defoe
3.740594059405941,0.4495049504950495,0.1371900826446281,60.5,Daniel Defoe
3.751984126984127,0.4384920634920635,0.11584327086882454,73.375,Daniel Defoe
3.838323353293413,0.46107784431137727,0.13689482470784642,66.55555555555556,Daniel Defoe
3.783132530120482,0.44176706827309237,0.11403508771929824,51.81818181818182,Daniel Defoe
4.105788423153693,0.48902195608782434,0.11247803163444639,71.125,Daniel Defoe
3.6686746987951806,0.4036144578313253,0.14381270903010032,35.1764705882353,Daniel Defoe
3.755020080321285,0.44377510040160645,0.11816578483245149,63.0,Daniel Defoe
4.026,0.43,0.1243432574430823,71.375,Daniel Defoe
3.87624750499002,0.4351297405189621,0.14720812182741116,49.25,Daniel Defoe
3.775551102204409,0.41282565130260523,0.13242784380305603,58.9,Daniel Defoe
3.6733067729083664,0.42231075697211157,0.11208406304728546,57.1,Daniel Defoe
4.0,0.4731610337972167,0.12,41.07142857142857,Daniel Defoe
4.156746031746032,0.44246031746031744,0.12436115843270869,146.75,Daniel Defoe
4.296812749003984,0.4940239043824701,0.1,70.0,Daniel Defoe
4.2044088176352705,0.4168336673346693,0.12824956672443674,144.25,Daniel Defoe
4.124748490945674,0.5050301810865191,0.1273996509598604,52.09090909090909,Daniel Defoe
4.249488752556237,0.5010224948875256,0.1440972222222222,52.36363636363637,Daniel Defoe
3.99402390438247,0.4402390438247012,0.10915492957746478,47.333333333333336,Daniel Defoe
3.9175050301810863,0.4507042253521127,0.12302284710017575,56.9,Daniel Defoe
3.864,0.422,0.11327433628318584,62.77777777777778,Daniel Defoe
3.87,0.468,0.1267361111111111,57.6,Daniel Defoe
3.765407554671968,0.4294234592445328,0.10600706713780919,43.53846153846154,Daniel Defoe
3.6752988047808763,0.41832669322709165,0.10460992907801418,43.38461538461539,Daniel Defoe
3.964071856287425,0.45109780439121755,0.1474036850921273,31.42105263157895,Daniel Defoe
3.764,0.39,0.1128747795414462,56.7,Daniel Defoe
3.754980079681275,0.4342629482071713,0.11867364746945899,40.92857142857143,Daniel Defoe
3.9181636726546905,0.4550898203592814,0.12758620689655173,44.61538461538461,Daniel Defoe
3.7644710578842315,0.43912175648702595,0.12216404886561955,81.85714285714286,Daniel Defoe
3.8076152304609217,0.41282565130260523,0.13793103448275862,58.0,Daniel Defoe
3.8727634194831015,0.441351888667992,0.12627986348122866,58.6,Daniel Defoe
3.8895705521472395,0.4212678936605317,0.13532513181019332,40.642857142857146,Daniel Defoe
3.9362549800796813,0.4262948207171315,0.1265164644714038,52.45454545454545,Daniel Defoe
3.8542914171656686,0.43313373253493015,0.12216404886561955,71.625,Daniel Defoe
4.026,0.454,0.12998266897746968,41.214285714285715,Daniel Defoe
4.099403578528827,0.4552683896620278,0.13666666666666666,85.71428571428571,Daniel Defoe
3.8837675350701404,0.44889779559118237,0.12914485165794065,63.666666666666664,Daniel Defoe
3.9285714285714284,0.4503968253968254,0.12089810017271158,34.05882352941177,Daniel Defoe
3.744,0.416,0.12280701754385964,57.0,Daniel Defoe
3.842,0.446,0.1265164644714038,82.42857142857143,Daniel Defoe
3.9578313253012047,0.41967871485943775,0.15946843853820597,46.30769230769231,Daniel Defoe
3.94639175257732,0.44948453608247424,0.18090452261306533,35.11764705882353,Daniel Defoe
3.9857723577235773,0.43902439024390244,0.17863105175292154,39.93333333333333,Daniel Defoe
3.8505050505050504,0.46464646464646464,0.1453287197231834,57.8,Daniel Defoe
4.008247422680412,0.4577319587628866,0.19696969696969696,37.125,Daniel Defoe
3.848,0.45,0.12998266897746968,64.11111111111111,Daniel Defoe
4.145418326693227,0.450199203187251,0.10934744268077601,70.875,Daniel Defoe
3.8296593186372747,0.45090180360721444,0.12259194395796848,51.90909090909091,Daniel Defoe
3.9859719438877756,0.4348697394789579,0.09892086330935251,50.54545454545455,Daniel Defoe
3.8333333333333335,0.42570281124497994,0.1164021164021164,51.54545454545455,Daniel Defoe
3.8785425101214575,0.45951417004048584,0.14038128249566725,38.46666666666667,Daniel Defoe
3.8387755102040817,0.41836734693877553,0.14930555555555555,38.4,Daniel Defoe
3.780040733197556,0.4175152749490835,0.16243654822335024,42.214285714285715,Daniel Defoe
3.914285714285714,0.4530612244897959,0.19543973941368079,27.90909090909091,Daniel Defoe
4.133200795228628,0.46123260437375746,0.11652173913043479,38.333333333333336,Daniel Defoe
4.145129224652088,0.4691848906560636,0.10915492957746478,71.0,Daniel Defoe
3.984,0.466,0.11744386873920552,44.53846153846154,Daniel Defoe
3.968,0.442,0.1359724612736661,25.26086956521739,Daniel Defoe
3.788732394366197,0.4245472837022133,0.12937062937062938,57.2,Daniel Defoe
3.7724550898203595,0.42714570858283435,0.12798634812286688,58.6,Daniel Defoe
4.056112224448897,0.4148296593186373,0.131175468483816,39.13333333333333,Daniel Defoe
4.0321931589537225,0.4507042253521127,0.10714285714285714,50.90909090909091,Daniel Defoe
4.174348697394789,0.46693386773547096,0.13620689655172413,32.22222222222222,Daniel Defoe
4.07,0.474,0.13194444444444445,52.36363636363637,Daniel Defoe
4.080160320641283,0.45490981963927857,0.11992945326278659,70.875,Daniel Defoe
3.8137651821862346,0.41700404858299595,0.12323943661971831,56.8,Daniel Defoe
3.869739478957916,0.45490981963927857,0.12237762237762238,63.55555555555556,Daniel Defoe
3.841046277665996,0.42857142857142855,0.1045045045045045,61.666666666666664,Daniel Defoe
4.01394422310757,0.44621513944223107,0.12714776632302405,48.5,Daniel Defoe
3.9315895372233403,0.47283702213279677,0.1396551724137931,52.72727272727273,Daniel Defoe
4.086345381526105,0.4919678714859438,0.1381692573402418,41.357142857142854,Daniel Defoe
3.915492957746479,0.4225352112676056,0.10126582278481013,69.125,Daniel Defoe
3.779559118236473,0.46092184368737477,0.12456140350877193,57.0,Daniel Defoe
4.162324649298597,0.4649298597194389,0.11190053285968028,70.375,Daniel Defoe
4.1062124248497,0.4709418837675351,0.1254295532646048,72.75,Daniel Defoe
3.814,0.442,0.11327433628318584,40.357142857142854,Daniel Defoe
3.66,0.44,0.11775043936731107,51.72727272727273,Daniel Defoe
3.717434869739479,0.4228456913827655,0.1289198606271777,47.833333333333336,Daniel Defoe
3.747011952191235,0.4541832669322709,0.13080895008605853,44.69230769230769,Daniel Defoe
3.838323353293413,0.43313373253493015,0.14091680814940577,73.625,Daniel Defoe
3.693386773547094,0.4168336673346693,0.1009009009009009,55.5,Daniel Defoe
3.6926147704590817,0.42714570858283435,0.1111111111111111,47.25,Daniel Defoe
3.7364185110663986,0.44064386317907445,0.10771992818671454,69.625,Daniel Defoe
3.935871743486974,0.4589178356713427,0.12280701754385964,81.42857142857143,Daniel Defoe
3.8043912175648704,0.41317365269461076,0.0994671403197158,70.375,Daniel Defoe
3.949698189134809,0.4386317907444668,0.1267605633802817,43.69230769230769,Daniel Defoe
3.7515030060120242,0.42685370741482964,0.12390924956369982,57.3,Daniel Defoe
3.794,0.416,0.11619718309859155,43.69230769230769,Daniel Defoe
4.033932135728543,0.42714570858283435,0.11754385964912281,57.0,Daniel Defoe
3.9366336633663366,0.4297029702970297,0.10452961672473868,114.8,Daniel Defoe
3.786,0.408,0.11072056239015818,63.22222222222222,Daniel Defoe
3.7695390781563125,0.41082164328657317,0.13043478260869565,63.888888888888886,Daniel Defoe
3.842,0.45,0.1256544502617801,81.85714285714286,Daniel Defoe
3.708835341365462,0.4397590361445783,0.1386986301369863,73.0,Daniel Defoe
3.648,0.39,0.10535714285714286,80.0,Daniel Defoe
3.964,0.468,0.12953367875647667,48.25,Daniel Defoe
3.9859719438877756,0.38877755511022044,0.1256544502617801,63.666666666666664,Daniel Defoe
3.7,0.426,0.12237762237762238,47.666666666666664,Daniel Defoe
3.804,0.412,0.1132404181184669,47.833333333333336,Daniel Defoe
3.921529175050302,0.4567404426559356,0.1295971978984238,57.1,Daniel Defoe
3.7730923694779115,0.44377510040160645,0.11837455830388692,43.53846153846154,Daniel Defoe
3.86,0.43,0.11347517730496454,62.666666666666664,Daniel Defoe
3.8369781312127236,0.48111332007952284,0.12,44.23076923076923,Daniel Defoe
3.7908366533864544,0.44621513944223107,0.1138353765323993,57.1,Daniel Defoe
3.823647294589178,0.46693386773547096,0.11795774647887323,63.111111111111114,Daniel Defoe
4.013833992094861,0.44664031620553357,0.12478632478632479,65.0,Daniel Defoe
4.0582329317269075,0.4919678714859438,0.11209964412811388,56.2,Daniel Defoe
3.988071570576541,0.43737574552683894,0.11867364746945899,40.92857142857143,Daniel Defoe
4.1097804391217565,0.4471057884231537,0.09025270758122744,50.36363636363637,Daniel Defoe
4.224696356275303,0.4797570850202429,0.1282952548330404,71.125,Daniel Defoe
3.8654618473895583,0.4457831325301205,0.12126537785588752,81.28571428571429,Daniel Defoe
4.096,0.47,0.1195079086115993,63.22222222222222,Daniel Defoe
4.146,0.456,0.1166077738515901,113.2,Daniel Defoe
4.026104417670683,0.46987951807228917,0.10554561717352415,69.875,Daniel Defoe
4.04809619238477,0.46092184368737477,0.11327433628318584,94.16666666666667,Daniel Defoe
3.93,0.446,0.108348134991119,80.42857142857143,Daniel Defoe
4.159680638722555,0.469061876247505,0.1146384479717813,94.5,Daniel Defoe
3.9519038076152304,0.4308617234468938,0.1073345259391771,62.111111111111114,Daniel Defoe
4.056,0.454,0.11504424778761062,94.16666666666667,Daniel Defoe
3.973790322580645,0.4254032258064516,0.10951526032315978,79.57142857142857,Daniel Defoe
4.12625250501002,0.47695390781563124,0.09892086330935251,92.66666666666667,Daniel Defoe
4.324649298597194,0.4468937875751503,0.11524822695035461,112.8,Daniel Defoe
3.99003984063745,0.4581673306772908,0.09660107334525939,79.85714285714286,Daniel Defoe
4.252,0.476,0.1195079086115993,94.83333333333333,Daniel Defoe
4.131736526946108,0.46506986027944114,0.10695187165775401,62.333333333333336,Daniel Defoe
3.942,0.474,0.12717770034843207,71.75,Daniel Defoe
3.7888446215139444,0.46215139442231074,0.11785095320623917,64.11111111111111,Daniel Defoe
3.9524752475247524,0.44752475247524753,0.10175438596491228,63.333333333333336,Daniel Defoe
3.971830985915493,0.4708249496981891,0.12631578947368421,63.333333333333336,Daniel Defoe
4.023856858846918,0.441351888667992,0.10915492957746478,56.8,Daniel Defoe
4.069582504970179,0.44532803180914515,0.099644128113879,51.09090909090909,Daniel Defoe
3.8637274549098195,0.44889779559118237,0.11775043936731107,47.416666666666664,Daniel Defoe
3.8705179282868527,0.4342629482071713,0.13080895008605853,72.625,Daniel Defoe
4.077844311377246,0.4171656686626746,0.11599297012302284,56.9,Daniel Defoe
3.9074446680080483,0.4426559356136821,0.11150442477876106,51.36363636363637,Daniel Defoe
3.8705179282868527,0.4302788844621514,0.11558669001751314,71.375,Daniel Defoe
3.811623246492986,0.4408817635270541,0.1166077738515901,47.166666666666664,Daniel Defoe
3.8353413654618476,0.4457831325301205,0.14675767918088736,45.07692307692308,Daniel Defoe
3.8602794411177643,0.4630738522954092,0.12824956672443674,52.45454545454545,Daniel Defoe
4.095427435387674,0.46123260437375746,0.0989399293286219,113.2,Daniel Defoe
4.068,0.464,0.11971830985915492,81.14285714285714,Daniel Defoe
4.093439363817097,0.43538767395626243,0.08828828828828829,50.45454545454545,Daniel Defoe
3.9324055666003974,0.43538767395626243,0.11052631578947368,114.0,Daniel Defoe
4.184738955823293,0.42971887550200805,0.1258741258741259,71.5,Daniel Defoe
3.958,0.456,0.13644214162348878,48.25,Daniel Defoe
4.19,0.458,0.13344887348353554,64.11111111111111,Daniel Defoe
3.946107784431138,0.38323353293413176,0.13298791018998274,64.33333333333333,Daniel Defoe
3.6713426853707416,0.41282565130260523,0.13667820069204153,57.8,Daniel Defoe
3.894949494949495,0.4484848484848485,0.15120274914089346,44.76923076923077,Daniel Defoe
3.8937875751503004,0.4288577154308617,0.12762237762237763,63.55555555555556,Daniel Defoe
3.848605577689243,0.448207171314741,0.12173913043478261,82.14285714285714,Daniel Defoe
4.226,0.474,0.12237762237762238,114.4,Daniel Defoe
3.8802395209580838,0.45708582834331335,0.1269296740994854,53.0,Daniel Defoe
3.7274549098196395,0.39879759519038077,0.13391304347826086,82.14285714285714,Daniel Defoe
3.6107784431137726,0.3812375249500998,0.10196779964221825,69.875,Daniel Defoe
3.93186372745491,0.40681362725450904,0.21884984025559107,27.217391304347824,Daniel Defoe
4.01004016064257,0.41365461847389556,0.125,52.36363636363637,Daniel Defoe
3.973790322580645,0.41935483870967744,0.13458262350936967,58.7,Daniel Defoe
3.842315369261477,0.41916167664670656,0.11643835616438356,83.42857142857143,Daniel Defoe
4.151696606786427,0.4491017964071856,0.12626262626262627,84.85714285714286,Daniel Defoe
4.245508982035928,0.4630738522954092,0.1037567084078712,79.85714285714286,Daniel Defoe
4.027888446215139,0.4601593625498008,0.13253012048192772,41.5,Daniel Defoe
3.9899193548387095,0.4314516129032258,0.13490725126475547,39.53333333333333,Daniel Defoe
3.8024193548387095,0.4274193548387097,0.1315345699831366,49.416666666666664,Daniel Defoe
3.6092184368737477,0.4148296593186373,0.13590604026845637,35.05882352941177,Daniel Defoe
3.8222222222222224,0.43636363636363634,0.1467304625199362,48.23076923076923,Daniel Defoe
3.649193548387097,0.41935483870967744,0.13471502590673576,52.63636363636363,Daniel Defoe
3.9899799599198396,0.4709418837675351,0.11387900355871886,46.833333333333336,Daniel Defoe
3.608433734939759,0.4397590361445783,0.13366336633663367,43.285714285714285,Daniel Defoe
3.8,0.43434343434343436,0.12982456140350876,40.714285714285715,Daniel Defoe
3.9209486166007905,0.4407114624505929,0.10175438596491228,63.333333333333336,Daniel Defoe
3.8356997971602436,0.4178498985801217,0.1515650741350906,46.69230769230769,Daniel Defoe
3.783567134268537,0.4468937875751503,0.12629757785467127,64.22222222222223,Daniel Defoe
3.9939759036144578,0.3895582329317269,0.1356521739130435,95.83333333333333,Daniel Defoe
3.908,0.432,0.12084063047285463,71.375,Daniel Defoe
3.5891783567134268,0.40080160320641284,0.1079646017699115,56.5,Daniel Defoe
3.783300198807157,0.43538767395626243,0.10877192982456141,81.42857142857143,Daniel Defoe
3.904191616766467,0.469061876247505,0.13945578231292516,45.23076923076923,Daniel Defoe
4.075697211155378,0.4641434262948207,0.12953367875647667,64.33333333333333,Daniel Defoe
4.366,0.482,0.11484098939929328,56.6,Daniel Defoe
4.162324649298597,0.45691382765531063,0.1168141592920354,80.71428571428571,Daniel Defoe
4.0261569416499,0.47283702213279677,0.1256544502617801,95.5,Daniel Defoe
3.929859719438878,0.47695390781563124,0.11504424778761062,62.77777777777778,Daniel Defoe
3.8857715430861726,0.4529058116232465,0.12237762237762238,63.55555555555556,Daniel Defoe
4.027777777777778,0.44841269841269843,0.09481216457960644,55.9,Daniel Defoe
3.96579476861167,0.4607645875251509,0.11896551724137931,64.44444444444444,Daniel Defoe
4.144288577154309,0.49298597194388777,0.12062937062937062,47.666666666666664,Daniel Defoe
3.781124497991968,0.463855421686747,0.14262295081967213,55.45454545454545,Daniel Defoe
3.935483870967742,0.4375,0.1323529411764706,68.0,Daniel Defoe
3.946,0.434,0.12116040955631399,53.27272727272727,Daniel Defoe
4.219560878243513,0.4750499001996008,0.12390924956369982,57.3,Daniel Defoe
3.8962075848303392,0.4291417165668663,0.125,57.6,Daniel Defoe
4.072,0.438,0.12563667232597622,58.9,Daniel Defoe
4.08,0.42,0.11795774647887323,56.8,Daniel Defoe
3.9919839679358717,0.40681362725450904,0.10251798561151079,39.714285714285715,Daniel Defoe
4.025844930417495,0.38966202783300197,0.11846689895470383,71.75,Daniel Defoe
4.017964071856287,0.43313373253493015,0.11619718309859155,51.63636363636363,Daniel Defoe
3.8937875751503004,0.42084168336673344,0.1465798045602606,51.166666666666664,Daniel Defoe
4.03784860557769,0.4163346613545817,0.11917098445595854,72.375,Daniel Defoe
3.98,0.388,0.11247803163444639,47.416666666666664,Daniel Defoe
4.085657370517929,0.39641434262948205,0.13080895008605853,72.625,Daniel Defoe
3.8857715430861726,0.4468937875751503,0.1476510067114094,74.5,Daniel Defoe
3.9338677354709417,0.45090180360721444,0.11504424778761062,56.5,Daniel Defoe
3.939516129032258,0.4274193548387097,0.11443661971830986,63.111111111111114,Daniel Defoe
3.9497991967871484,0.3614457831325301,0.10912343470483005,43.0,Daniel Defoe
4.034,0.444,0.137221269296741,32.388888888888886,Daniel Defoe
3.947261663286004,0.4198782961460446,0.11387900355871886,62.44444444444444,Daniel Defoe
4.132796780684105,0.42655935613682094,0.12937062937062938,57.2,Daniel Defoe
4.1595959595959595,0.44646464646464645,0.14261460101867574,117.8,Daniel Defoe
3.7615230460921842,0.43286573146292584,0.10638297872340426,62.666666666666664,Daniel Defoe
4.434343434343434,0.4666666666666667,0.13066202090592335,82.0,Daniel Defoe
3.9036144578313254,0.43775100401606426,0.12631578947368421,63.333333333333336,Daniel Defoe
3.764,0.418,0.13043478260869565,57.5,Daniel Defoe
4.156312625250501,0.4589178356713427,0.11795774647887323,71.0,Daniel Defoe
3.922,0.43,0.11190053285968028,80.42857142857143,Daniel Defoe
4.224,0.464,0.1166077738515901,70.75,Daniel Defoe
4.104417670682731,0.4598393574297189,0.13217391304347825,71.875,Daniel Defoe
4.027888446215139,0.45617529880478086,0.12607944732297063,57.9,Daniel Defoe
3.71,0.474,0.14049586776859505,55.0,Daniel Defoe
3.6967871485943773,0.4036144578313253,0.13582342954159593,53.54545454545455,Daniel Defoe
3.7575150300601203,0.4188376753507014,0.16025641025641027,52.0,Daniel Defoe
3.9056224899598395,0.4457831325301205,0.125,51.63636363636363,Daniel Defoe
3.996,0.434,0.1258741258741259,63.55555555555556,Daniel Defoe
3.993987975951904,0.46092184368737477,0.12762237762237763,57.2,Daniel Defoe
3.9642147117296225,0.46322067594433397,0.11072056239015818,71.125,Daniel Defoe
4.125252525252526,0.4767676767676768,0.12190812720848057,80.85714285714286,Daniel Defoe
4.134268537074148,0.46292585170340683,0.1342512908777969,72.625,Daniel Defoe
4.472813238770685,0.4799054373522459,0.13911290322580644,49.6,Daniel Defoe
4.446247464503043,0.5578093306288032,0.15235008103727715,11.218181818181819,Agatha Christie
4.134122287968442,0.5285996055226825,0.1829971181556196,15.422222222222222,Agatha Christie
4.579476861167002,0.5955734406438632,0.16558441558441558,15.794871794871796,Agatha Christie
4.061776061776062,0.5096525096525096,0.17094017094017094,14.625,Agatha Christie
3.8596153846153847,0.47115384615384615,0.16452074391988555,15.533333333333333,Agatha Christie
4.1345029239766085,0.48927875243664715,0.1704225352112676,17.75,Agatha Christie
4.120162932790224,0.5274949083503055,0.1593984962406015,16.625,Agatha Christie
4.400402414486922,0.5110663983903421,0.14006514657980457,18.058823529411764,Agatha Christie
4.37396694214876,0.5330578512396694,0.17080745341614906,14.636363636363637,Agatha Christie
4.289421157684631,0.5249500998003992,0.16114457831325302,14.434782608695652,Agatha Christie
4.23960396039604,0.5089108910891089,0.15259259259259259,17.763157894736842,Agatha Christie
4.298804780876494,0.5358565737051793,0.1831610044313146,18.2972972972973,Agatha Christie
4.067829457364341,0.5077519379844961,0.1727891156462585,17.093023255813954,Agatha Christie
3.837890625,0.46484375,0.1555232558139535,16.38095238095238,Agatha Christie
4.157894736842105,0.5146198830409356,0.15514809590973203,15.085106382978724,Agatha Christie
4.264,0.528,0.17790530846484937,17.425,Agatha Christie
4.108433734939759,0.4799196787148594,0.18413173652694612,16.29268292682927,Agatha Christie
4.286282306163022,0.5129224652087475,0.172859450726979,15.097560975609756,Agatha Christie
4.383064516129032,0.5060483870967742,0.1452991452991453,20.892857142857142,Agatha Christie
4.366533864541832,0.5219123505976095,0.18303571428571427,14.0,Agatha Christie
4.092156862745098,0.46862745098039216,0.16666666666666666,16.923076923076923,Agatha Christie
3.7895752895752897,0.47876447876447875,0.17524339360222532,17.536585365853657,Agatha Christie
4.344,0.532,0.14954682779456194,16.55,Agatha Christie
3.8549323017408126,0.4758220502901354,0.16149068322981366,15.707317073170731,Agatha Christie
4.263485477178423,0.5435684647302904,0.17620481927710843,20.75,Agatha Christie
3.9351669941060905,0.47544204322200395,0.15782122905027932,20.457142857142856,Agatha Christie
4.246987951807229,0.5502008032128514,0.1656891495601173,17.05,Agatha Christie
4.198807157057654,0.5208747514910537,0.17914831130690162,15.837209302325581,Agatha Christie
4.53386454183267,0.5278884462151394,0.1190893169877408,18.419354838709676,Agatha Christie
4.184523809523809,0.5,0.1731669266770671,15.261904761904763,Agatha Christie
4.272365805168986,0.4831013916500994,0.1650943396226415,11.777777777777779,Agatha Christie
4.2716297786720325,0.49899396378269617,0.13220338983050847,13.720930232558139,Agatha Christie
4.229376257545272,0.5030181086519114,0.11347517730496454,18.8,Agatha Christie
4.358870967741935,0.5342741935483871,0.14593698175787728,19.451612903225808,Agatha Christie
4.3373253493013975,0.5129740518962076,0.15141430948419302,13.659090909090908,Agatha Christie
4.253465346534654,0.4891089108910891,0.1497504159733777,14.658536585365853,Agatha Christie
4.251012145748988,0.48785425101214575,0.16279069767441862,24.807692307692307,Agatha Christie
4.25,0.51,0.16740088105726872,18.405405405405407,Agatha Christie
4.28740157480315,0.5078740157480315,0.14393939393939395,15.348837209302326,Agatha Christie
4.003921568627451,0.5117647058823529,0.17422096317280453,19.61111111111111,Agatha Christie
4.49003984063745,0.5418326693227091,0.13079470198675497,25.166666666666668,Agatha Christie
4.399598393574297,0.5582329317269076,0.14748784440842788,16.236842105263158,Agatha Christie
4.244094488188976,0.515748031496063,0.15600624024961,15.634146341463415,Agatha Christie
4.350806451612903,0.5282258064516129,0.1402936378466558,15.717948717948717,Agatha Christie
4.377510040160643,0.5200803212851406,0.16174183514774496,20.09375,Agatha Christie
4.483606557377049,0.5491803278688525,0.17543859649122806,15.292682926829269,Agatha Christie
4.204081632653061,0.49183673469387756,0.18960244648318042,19.235294117647058,Agatha Christie
4.396761133603239,0.5323886639676113,0.15181518151815182,14.78048780487805,Agatha Christie
3.911823647294589,0.4909819639278557,0.15465465465465467,13.875,Agatha Christie
3.6868884540117417,0.4383561643835616,0.12603648424543948,20.79310344827586,Agatha Christie
3.824110671936759,0.45652173913043476,0.15171288743882544,18.575757575757574,Agatha Christie
3.7117296222664016,0.4592445328031809,0.15441176470588236,17.894736842105264,Agatha Christie
3.8,0.4627450980392157,0.15879828326180256,16.642857142857142,Agatha Christie
3.7689320388349516,0.4524271844660194,0.16512549537648613,18.023809523809526,Agatha Christie
4.38,0.5,0.13474025974025974,18.11764705882353,Agatha Christie
4.056338028169014,0.48893360160965793,0.15772870662460567,16.256410256410255,Agatha Christie
3.874274661508704,0.4622823984526112,0.16975748930099857,21.242424242424242,Agatha Christie
3.9498997995991982,0.501002004008016,0.15542521994134897,17.94736842105263,Agatha Christie
3.7818181818181817,0.48282828282828283,0.16789396170839468,14.76086956521739,Agatha Christie
4.178571428571429,0.5079365079365079,0.16338880484114976,16.121951219512194,Agatha Christie
3.9530332681017613,0.45401174168297453,0.16790490341753342,16.825,Agatha Christie
4.036821705426356,0.47674418604651164,0.1402439024390244,17.263157894736842,Agatha Christie
4.170923379174853,0.48722986247544203,0.1661676646706587,18.054054054054053,Agatha Christie
4.220675944333996,0.48906560636182905,0.18392370572207084,18.35,Agatha Christie
4.239685658153242,0.5009823182711198,0.1782608695652174,14.680851063829786,Agatha Christie
4.229838709677419,0.5060483870967742,0.14485981308411214,16.46153846153846,Agatha Christie
4.278557114228457,0.503006012024048,0.1608832807570978,14.744186046511627,Agatha Christie
4.150495049504951,0.497029702970297,0.15743440233236153,17.58974358974359,Agatha Christie
4.086172344689379,0.49498997995991983,0.15555555555555556,17.307692307692307,Agatha Christie
4.055226824457594,0.5108481262327417,0.1976911976911977,14.142857142857142,Agatha Christie
4.372670807453416,0.4906832298136646,0.16476345840130505,15.325,Agatha Christie
4.065843621399177,0.46502057613168724,0.16314199395770393,22.066666666666666,Agatha Christie
4.234939759036145,0.4779116465863454,0.16792738275340394,16.121951219512194,Agatha Christie
4.080234833659492,0.5088062622309197,0.17138599105812222,15.25,Agatha Christie
4.057768924302789,0.50199203187251,0.16390977443609023,16.625,Agatha Christie
4.196039603960396,0.49504950495049505,0.16292974588938713,13.9375,Agatha Christie
4.054924242424242,0.4678030303030303,0.17408906882591094,18.073170731707318,Agatha Christie
3.8807692307692307,0.5057692307692307,0.17432432432432432,19.473684210526315,Agatha Christie
4.267326732673268,0.5306930693069307,0.1680129240710824,13.755555555555556,Agatha Christie
4.109090909090909,0.498989898989899,0.12599681020733652,20.225806451612904,Agatha Christie
4.128654970760234,0.4873294346978557,0.15373352855051245,13.938775510204081,Agatha Christie
4.095427435387674,0.4990059642147117,0.17894736842105263,16.21951219512195,Agatha Christie
3.976,0.452,0.13862928348909656,16.46153846153846,Agatha Christie
4.321862348178137,0.5465587044534413,0.16375198728139906,13.673913043478262,Agatha Christie
4.316831683168317,0.5306930693069307,0.13477537437603992,16.243243243243242,Agatha Christie
3.9,0.48,0.1797432239657632,13.745098039215685,Agatha Christie
4.057884231536926,0.5089820359281437,0.15846153846153846,12.037037037037036,Agatha Christie
4.152917505030181,0.5130784708249497,0.1638846737481032,16.897435897435898,Agatha Christie
4.244488977955911,0.503006012024048,0.11754385964912281,12.954545454545455,Agatha Christie
3.9375,0.4596774193548387,0.16043613707165108,12.588235294117647,Agatha Christie
4.039447731755424,0.45956607495069035,0.13861386138613863,11.653846153846153,Agatha Christie
4.229376257545272,0.5412474849094567,0.13666666666666666,12.5,Agatha Christie
4.0495049504950495,0.5069306930693069,0.18895348837209303,14.040816326530612,Agatha Christie
4.093439363817097,0.5308151093439364,0.14947683109118087,17.153846153846153,Agatha Christie
4.017857142857143,0.5059523809523809,0.14177978883861236,16.575,Agatha Christie
3.892929292929293,0.4383838383838384,0.18448023426061494,17.973684210526315,Agatha Christie
4.081871345029239,0.4678362573099415,0.1563467492260062,14.355555555555556,Agatha Christie
3.982421875,0.46875,0.17580872011251758,14.22,Agatha Christie
4.442460317460317,0.5317460317460317,0.12251655629139073,12.851063829787234,Agatha Christie
3.906930693069307,0.49306930693069306,0.1467065868263473,15.534883720930232,Agatha Christie
4.114341085271318,0.5174418604651163,0.12305295950155763,14.930232558139535,Agatha Christie
4.077689243027889,0.5199203187250996,0.1441578148710167,14.977272727272727,Agatha Christie
4.1358267716535435,0.49803149606299213,0.13819875776397517,16.94736842105263,Agatha Christie
4.1214574898785425,0.5101214574898786,0.13354531001589826,19.65625,Agatha Christie
4.087128712871287,0.4772277227722772,0.15326251896813353,16.475,Agatha Christie
4.151873767258382,0.5305719921104537,0.1676829268292683,13.12,Agatha Christie
3.9555984555984556,0.4922779922779923,0.15486725663716813,18.324324324324323,Agatha Christie
3.5633528265107213,0.46588693957115007,0.1424,15.625,Agatha Christie
4.0552147239263805,0.5153374233128835,0.15348837209302327,16.973684210526315,Agatha Christie
3.9941747572815536,0.48349514563106794,0.15431164901664146,22.79310344827586,Agatha Christie
4.283495145631068,0.49902912621359224,0.1645021645021645,13.86,Agatha Christie
4.126459143968872,0.5136186770428015,0.16444444444444445,11.842105263157896,Agatha Christie
3.97244094488189,0.5098425196850394,0.19464033850493653,14.18,Agatha Christie
3.8449612403100777,0.4941860465116279,0.17846607669616518,14.73913043478261,Agatha Christie
3.998073217726397,0.5009633911368016,0.15542521994134897,14.51063829787234,Agatha Christie
3.7442307692307693,0.47692307692307695,0.13746223564954682,19.470588235294116,Agatha Christie
3.9941520467836256,0.5146198830409356,0.1625544267053701,17.225,Agatha Christie
4.078156312625251,0.4749498997995992,0.15465465465465467,19.02857142857143,Agatha Christie
4.287671232876712,0.5518590998043053,0.15994020926756353,16.725,Agatha Christie
4.9227642276422765,0.5630081300813008,0.1465076660988075,13.651162790697674,Agatha Christie
4.564,0.536,0.14093959731543623,15.68421052631579,Agatha Christie
3.984189723320158,0.5019762845849802,0.15718562874251496,15.181818181818182,Agatha Christie
4.255020080321285,0.5020080321285141,0.16740088105726872,18.405405405405407,Agatha Christie
3.7888675623800383,0.4472168905950096,0.17945205479452056,15.869565217391305,Agatha Christie
3.9017013232514177,0.497164461247637,0.15428571428571428,16.27906976744186,Agatha Christie
4.180914512922465,0.5049701789264414,0.15707620528771385,12.86,Agatha Christie
4.140625,0.505859375,0.16248153618906944,12.773584905660377,Agatha Christie
4.029585798816568,0.4911242603550296,0.1676300578034682,12.814814814814815,Agatha Christie
3.8313953488372094,0.46124031007751937,0.16852367688022285,12.821428571428571,Agatha Christie
3.89922480620155,0.49224806201550386,0.16090225563909774,16.21951219512195,Agatha Christie
4.3767258382643,0.5226824457593688,0.14814814814814814,13.787234042553191,Agatha Christie
3.646942800788955,0.44970414201183434,0.14492753623188406,20.7,Agatha Christie
3.894941634241245,0.44357976653696496,0.1390728476821192,18.875,Agatha Christie
3.877431906614786,0.46108949416342415,0.16031746031746033,13.404255319148936,Agatha Christie
3.8151093439363817,0.47713717693836977,0.13131313131313133,18.0,Agatha Christie
4.003944773175542,0.4812623274161736,0.1378737541528239,20.75862068965517,Agatha Christie
3.943469785575049,0.49317738791423,0.13861386138613863,15.15,Agatha Christie
4.255060728744939,0.48582995951417,0.21029411764705883,17.894736842105264,Agatha Christie
4.27710843373494,0.5040160642570282,0.16134185303514376,15.268292682926829,Agatha Christie
4.086444007858546,0.5225933202357563,0.1380952380952381,15.365853658536585,Agatha Christie
4.331983805668016,0.5121457489878543,0.18801996672212978,13.065217391304348,Agatha Christie
4.197530864197531,0.5267489711934157,0.21226415094339623,15.512195121951219,Agatha Christie
4.334645669291339,0.5492125984251969,0.18668596237337193,17.275,Agatha Christie
4.278884462151394,0.5219123505976095,0.16770186335403728,18.941176470588236,Agatha Christie
4.1726190476190474,0.503968253968254,0.12924071082390953,23.807692307692307,Agatha Christie
3.837573385518591,0.44227005870841485,0.13614262560777957,22.85185185185185,Agatha Christie
4.225352112676056,0.5171026156941649,0.1716171617161716,16.37837837837838,Agatha Christie
4.218436873747495,0.5110220440881763,0.3311897106109325,10.542372881355933,Agatha Christie
3.748076923076923,0.4519230769230769,0.1831831831831832,15.857142857142858,Agatha Christie
4.08203125,0.498046875,0.1808066759388039,20.542857142857144,Agatha Christie
3.967845659163987,0.5466237942122186,0.16375545851528384,22.9,Agatha Christie
